"quadrat_id","species_ids"
"2024-CEV3-20240602","[]"
"CBN-PdlC-A1-20130807","[1392608, 1395807]"
"CBN-PdlC-A1-20130903","[1392608, 1395807]"
"CBN-PdlC-A1-20140721","[1392608, 1395807]"
"CBN-PdlC-A1-20140811","[1392608, 1395807]"
"CBN-PdlC-A1-20140901","[1392608, 1395807]"
"CBN-PdlC-A1-20150701","[1392608, 1395807]"
"CBN-PdlC-A1-20150720","[1392608, 1395807]"
"CBN-PdlC-A1-20150831","[1392608, 1395807]"
"CBN-PdlC-A1-20160705","[1392608, 1395807]"
"CBN-PdlC-A1-20160726","[1392608, 1395807]"
"CBN-PdlC-A1-20170816","[1392608, 1395807]"
"CBN-PdlC-A1-20170906","[1392608, 1395807]"
"CBN-PdlC-A1-20180702","[1392608, 1395807]"
"CBN-PdlC-A1-20180815","[1392608, 1395807]"
"CBN-PdlC-A1-20180905","[1392608, 1395807]"
"CBN-PdlC-A1-20190701","[1392608, 1395807]"
"CBN-PdlC-A1-20190722","[1392608, 1395807]"
"CBN-PdlC-A1-20190812","[1392608, 1395807]"
"CBN-PdlC-A1-20190909","[1392608, 1395807]"
"CBN-PdlC-A1-20200629","[1392608, 1395807]"
"CBN-PdlC-A1-20200722","[1392608, 1395807]"
"CBN-PdlC-A1-20200812","[1392608, 1395807]"
"CBN-PdlC-A2-20130807","[1395807, 1393200, 1392608]"
"CBN-PdlC-A2-20130903","[1395807, 1393200, 1392608]"
"CBN-PdlC-A2-20140721","[1395807, 1393200, 1392608]"
"CBN-PdlC-A2-20140901","[1395807, 1393200, 1392608]"
"CBN-PdlC-A2-20150720","[1395807, 1393200, 1392608]"
"CBN-PdlC-A2-20150810","[1395807, 1393200, 1392608]"
"CBN-PdlC-A2-20150831","[1395807, 1393200, 1392608]"
"CBN-PdlC-A2-20160705","[1395807, 1393200, 1392608]"
"CBN-PdlC-A2-20160726","[1395807, 1393200, 1392608]"
"CBN-PdlC-A2-20170816","[1395807, 1393200, 1392608]"
"CBN-PdlC-A2-20180702","[1395807, 1393200, 1392608]"
"CBN-PdlC-A2-20180723","[1395807, 1393200, 1392608]"
"CBN-PdlC-A2-20180815","[1395807, 1393200, 1392608]"
"CBN-PdlC-A2-20180905","[1395807, 1393200, 1392608]"
"CBN-PdlC-A2-20190701","[1395807, 1393200, 1392608]"
"CBN-PdlC-A2-20190722","[1395807, 1393200, 1392608]"
"CBN-PdlC-A2-20190812","[1395807, 1393200, 1392608]"
"CBN-PdlC-A2-20190909","[1395807, 1393200, 1392608]"
"CBN-PdlC-A2-20200629","[1395807, 1393200, 1392608]"
"CBN-PdlC-A2-20200722","[1395807, 1393200, 1392608]"
"CBN-PdlC-A2-20200812","[1395807, 1393200, 1392608]"
"CBN-PdlC-A3-20130807","[1395807, 1392608, 1393200]"
"CBN-PdlC-A3-20130903","[1395807, 1392608, 1393200]"
"CBN-PdlC-A3-20140721","[1395807, 1392608, 1393200]"
"CBN-PdlC-A3-20140811","[1395807, 1392608, 1393200]"
"CBN-PdlC-A3-20140901","[1395807, 1392608, 1393200]"
"CBN-PdlC-A3-20150701","[1395807, 1392608, 1393200]"
"CBN-PdlC-A3-20150720","[1395807, 1392608, 1393200]"
"CBN-PdlC-A3-20150810","[1395807, 1392608, 1393200]"
"CBN-PdlC-A3-20150831","[1395807, 1392608, 1393200]"
"CBN-PdlC-A3-20160705","[1395807, 1392608, 1393200]"
"CBN-PdlC-A3-20160726","[1395807, 1392608, 1393200]"
"CBN-PdlC-A3-20170816","[1395807, 1392608, 1393200]"
"CBN-PdlC-A3-20170906","[1395807, 1392608, 1393200]"
"CBN-PdlC-A3-20180702","[1395807, 1392608, 1393200]"
"CBN-PdlC-A3-20180723","[1395807, 1392608, 1393200]"
"CBN-PdlC-A3-20180815","[1395807, 1392608, 1393200]"
"CBN-PdlC-A3-20180905","[1395807, 1392608, 1393200]"
"CBN-PdlC-A3-20190701","[1395807, 1392608, 1393200]"
"CBN-PdlC-A3-20190722","[1395807, 1392608, 1393200]"
"CBN-PdlC-A3-20190812","[1395807, 1392608, 1393200]"
"CBN-PdlC-A3-20190909","[1395807, 1392608, 1393200]"
"CBN-PdlC-A3-20200629","[1395807, 1392608, 1393200]"
"CBN-PdlC-A3-20200722","[1395807, 1392608, 1393200]"
"CBN-PdlC-A3-20200812","[1395807, 1392608, 1393200]"
"CBN-PdlC-A4-20130807","[1392608, 1397475, 1395807, 1393200]"
"CBN-PdlC-A4-20130903","[1392608, 1397475, 1395807, 1393200]"
"CBN-PdlC-A4-20140811","[1392608, 1397475, 1395807, 1393200]"
"CBN-PdlC-A4-20140901","[1392608, 1397475, 1395807, 1393200]"
"CBN-PdlC-A4-20150701","[1392608, 1397475, 1395807, 1393200]"
"CBN-PdlC-A4-20150810","[1392608, 1397475, 1395807, 1393200]"
"CBN-PdlC-A4-20150831","[1392608, 1397475, 1395807, 1393200]"
"CBN-PdlC-A4-20160705","[1392608, 1397475, 1395807, 1393200]"
"CBN-PdlC-A4-20160726","[1392608, 1397475, 1395807, 1393200]"
"CBN-PdlC-A4-20170816","[1392608, 1397475, 1395807, 1393200]"
"CBN-PdlC-A4-20170906","[1392608, 1397475, 1395807, 1393200]"
"CBN-PdlC-A4-20180702","[1392608, 1397475, 1395807, 1393200]"
"CBN-PdlC-A4-20180723","[1392608, 1397475, 1395807, 1393200]"
"CBN-PdlC-A4-20180815","[1392608, 1397475, 1395807, 1393200]"
"CBN-PdlC-A4-20180905","[1392608, 1397475, 1395807, 1393200]"
"CBN-PdlC-A4-20190701","[1392608, 1397475, 1395807, 1393200]"
"CBN-PdlC-A4-20190722","[1392608, 1397475, 1395807, 1393200]"
"CBN-PdlC-A4-20190812","[1392608, 1397475, 1395807, 1393200]"
"CBN-PdlC-A4-20190909","[1392608, 1397475, 1395807, 1393200]"
"CBN-PdlC-A4-20200629","[1392608, 1397475, 1395807, 1393200]"
"CBN-PdlC-A4-20200722","[1392608, 1397475, 1395807, 1393200]"
"CBN-PdlC-A4-20200812","[1392608, 1397475, 1395807, 1393200]"
"CBN-PdlC-A5-20130807","[1395807, 1397475]"
"CBN-PdlC-A5-20130903","[1395807, 1397475]"
"CBN-PdlC-A5-20140721","[1395807, 1397475]"
"CBN-PdlC-A5-20140811","[1395807, 1397475]"
"CBN-PdlC-A5-20150701","[1395807, 1397475]"
"CBN-PdlC-A5-20150831","[1395807, 1397475]"
"CBN-PdlC-A5-20160705","[1395807, 1397475]"
"CBN-PdlC-A5-20160726","[1395807, 1397475]"
"CBN-PdlC-A5-20170816","[1395807, 1397475]"
"CBN-PdlC-A5-20170906","[1395807, 1397475]"
"CBN-PdlC-A5-20180815","[1395807, 1397475]"
"CBN-PdlC-A5-20180905","[1395807, 1397475]"
"CBN-PdlC-A5-20190909","[1395807, 1397475]"
"CBN-PdlC-A5-20200722","[1395807, 1397475]"
"CBN-PdlC-A6-20130807","[1397475, 1395807, 1393200]"
"CBN-PdlC-A6-20130903","[1397475, 1395807, 1393200]"
"CBN-PdlC-A6-20140630","[1397475, 1395807, 1393200]"
"CBN-PdlC-A6-20140721","[1397475, 1395807, 1393200]"
"CBN-PdlC-A6-20140901","[1397475, 1395807, 1393200]"
"CBN-PdlC-A6-20150701","[1397475, 1395807, 1393200]"
"CBN-PdlC-A6-20150810","[1397475, 1395807, 1393200]"
"CBN-PdlC-A6-20150831","[1397475, 1395807, 1393200]"
"CBN-PdlC-A6-20160705","[1397475, 1395807, 1393200]"
"CBN-PdlC-A6-20160726","[1397475, 1395807, 1393200]"
"CBN-PdlC-A6-20170816","[1397475, 1395807, 1393200]"
"CBN-PdlC-A6-20170906","[1397475, 1395807, 1393200]"
"CBN-PdlC-A6-20180702","[1397475, 1395807, 1393200]"
"CBN-PdlC-A6-20180723","[1397475, 1395807, 1393200]"
"CBN-PdlC-A6-20180815","[1397475, 1395807, 1393200]"
"CBN-PdlC-A6-20180905","[1397475, 1395807, 1393200]"
"CBN-PdlC-A6-20190701","[1397475, 1395807, 1393200]"
"CBN-PdlC-A6-20190722","[1397475, 1395807, 1393200]"
"CBN-PdlC-A6-20190812","[1397475, 1395807, 1393200]"
"CBN-PdlC-A6-20190909","[1397475, 1395807, 1393200]"
"CBN-PdlC-A6-20200722","[1397475, 1395807, 1393200]"
"CBN-PdlC-A6-20200812","[1397475, 1395807, 1393200]"
"CBN-PdlC-B1-20130807","[1392608, 1395807, 1393200]"
"CBN-PdlC-B1-20130903","[1392608, 1395807, 1393200]"
"CBN-PdlC-B1-20140721","[1392608, 1395807, 1393200]"
"CBN-PdlC-B1-20140811","[1392608, 1395807, 1393200]"
"CBN-PdlC-B1-20140901","[1392608, 1395807, 1393200]"
"CBN-PdlC-B1-20150701","[1392608, 1395807, 1393200]"
"CBN-PdlC-B1-20150720","[1392608, 1395807, 1393200]"
"CBN-PdlC-B1-20150810","[1392608, 1395807, 1393200]"
"CBN-PdlC-B1-20150831","[1392608, 1395807, 1393200]"
"CBN-PdlC-B1-20160705","[1392608, 1395807, 1393200]"
"CBN-PdlC-B1-20160726","[1392608, 1395807, 1393200]"
"CBN-PdlC-B1-20170816","[1392608, 1395807, 1393200]"
"CBN-PdlC-B1-20170906","[1392608, 1395807, 1393200]"
"CBN-PdlC-B1-20180702","[1392608, 1395807, 1393200]"
"CBN-PdlC-B1-20180723","[1392608, 1395807, 1393200]"
"CBN-PdlC-B1-20180815","[1392608, 1395807, 1393200]"
"CBN-PdlC-B1-20180905","[1392608, 1395807, 1393200]"
"CBN-PdlC-B1-20190701","[1392608, 1395807, 1393200]"
"CBN-PdlC-B1-20190722","[1392608, 1395807, 1393200]"
"CBN-PdlC-B1-20190812","[1392608, 1395807, 1393200]"
"CBN-PdlC-B1-20190909","[1392608, 1395807, 1393200]"
"CBN-PdlC-B1-20200629","[1392608, 1395807, 1393200]"
"CBN-PdlC-B1-20200722","[1392608, 1395807, 1393200]"
"CBN-PdlC-B1-20200812","[1392608, 1395807, 1393200]"
"CBN-PdlC-B2-20130807","[1392608, 1395807]"
"CBN-PdlC-B2-20130903","[1392608, 1395807]"
"CBN-PdlC-B2-20140721","[1392608, 1395807]"
"CBN-PdlC-B2-20140811","[1392608, 1395807]"
"CBN-PdlC-B2-20140901","[1392608, 1395807]"
"CBN-PdlC-B2-20150701","[1392608, 1395807]"
"CBN-PdlC-B2-20150720","[1392608, 1395807]"
"CBN-PdlC-B2-20150810","[1392608, 1395807]"
"CBN-PdlC-B2-20150831","[1392608, 1395807]"
"CBN-PdlC-B2-20160705","[1392608, 1395807]"
"CBN-PdlC-B2-20160726","[1392608, 1395807]"
"CBN-PdlC-B2-20170816","[1392608, 1395807]"
"CBN-PdlC-B2-20170906","[1392608, 1395807]"
"CBN-PdlC-B2-20180702","[1392608, 1395807]"
"CBN-PdlC-B2-20180723","[1392608, 1395807]"
"CBN-PdlC-B2-20180815","[1392608, 1395807]"
"CBN-PdlC-B2-20180905","[1392608, 1395807]"
"CBN-PdlC-B2-20190701","[1392608, 1395807]"
"CBN-PdlC-B2-20190722","[1392608, 1395807]"
"CBN-PdlC-B2-20190812","[1392608, 1395807]"
"CBN-PdlC-B2-20190909","[1392608, 1395807]"
"CBN-PdlC-B2-20200629","[1392608, 1395807]"
"CBN-PdlC-B2-20200722","[1392608, 1395807]"
"CBN-PdlC-B2-20200812","[1392608, 1395807]"
"CBN-PdlC-B3-20130807","[1395807, 1393200, 1392608]"
"CBN-PdlC-B3-20130903","[1395807, 1393200, 1392608]"
"CBN-PdlC-B3-20140721","[1395807, 1393200, 1392608]"
"CBN-PdlC-B3-20140811","[1395807, 1393200, 1392608]"
"CBN-PdlC-B3-20140901","[1395807, 1393200, 1392608]"
"CBN-PdlC-B3-20150701","[1395807, 1393200, 1392608]"
"CBN-PdlC-B3-20150810","[1395807, 1393200, 1392608]"
"CBN-PdlC-B3-20150831","[1395807, 1393200, 1392608]"
"CBN-PdlC-B3-20160705","[1395807, 1393200, 1392608]"
"CBN-PdlC-B3-20160726","[1395807, 1393200, 1392608]"
"CBN-PdlC-B3-20170816","[1395807, 1393200, 1392608]"
"CBN-PdlC-B3-20170906","[1395807, 1393200, 1392608]"
"CBN-PdlC-B3-20180702","[1395807, 1393200, 1392608]"
"CBN-PdlC-B3-20180723","[1395807, 1393200, 1392608]"
"CBN-PdlC-B3-20180815","[1395807, 1393200, 1392608]"
"CBN-PdlC-B3-20180905","[1395807, 1393200, 1392608]"
"CBN-PdlC-B3-20190701","[1395807, 1393200, 1392608]"
"CBN-PdlC-B3-20190722","[1395807, 1393200, 1392608]"
"CBN-PdlC-B3-20190812","[1395807, 1393200, 1392608]"
"CBN-PdlC-B3-20190909","[1395807, 1393200, 1392608]"
"CBN-PdlC-B3-20200629","[1395807, 1393200, 1392608]"
"CBN-PdlC-B3-20200722","[1395807, 1393200, 1392608]"
"CBN-PdlC-B3-20200812","[1395807, 1393200, 1392608]"
"CBN-PdlC-B4-20130807","[1397475, 1392608, 1395807, 1393200]"
"CBN-PdlC-B4-20130903","[1397475, 1392608, 1395807, 1393200]"
"CBN-PdlC-B4-20140721","[1397475, 1392608, 1395807, 1393200]"
"CBN-PdlC-B4-20140811","[1397475, 1392608, 1395807, 1393200]"
"CBN-PdlC-B4-20140901","[1397475, 1392608, 1395807, 1393200]"
"CBN-PdlC-B4-20150701","[1397475, 1392608, 1395807, 1393200]"
"CBN-PdlC-B4-20150810","[1397475, 1392608, 1395807, 1393200]"
"CBN-PdlC-B4-20150831","[1397475, 1392608, 1395807, 1393200]"
"CBN-PdlC-B4-20160726","[1397475, 1392608, 1395807, 1393200]"
"CBN-PdlC-B4-20170816","[1397475, 1392608, 1395807, 1393200]"
"CBN-PdlC-B4-20170906","[1397475, 1392608, 1395807, 1393200]"
"CBN-PdlC-B4-20180702","[1397475, 1392608, 1395807, 1393200]"
"CBN-PdlC-B4-20180723","[1397475, 1392608, 1395807, 1393200]"
"CBN-PdlC-B4-20180815","[1397475, 1392608, 1395807, 1393200]"
"CBN-PdlC-B4-20180905","[1397475, 1392608, 1395807, 1393200]"
"CBN-PdlC-B4-20190701","[1397475, 1392608, 1395807, 1393200]"
"CBN-PdlC-B4-20190722","[1397475, 1392608, 1395807, 1393200]"
"CBN-PdlC-B4-20190812","[1397475, 1392608, 1395807, 1393200]"
"CBN-PdlC-B4-20190909","[1397475, 1392608, 1395807, 1393200]"
"CBN-PdlC-B4-20200629","[1397475, 1392608, 1395807, 1393200]"
"CBN-PdlC-B4-20200722","[1397475, 1392608, 1395807, 1393200]"
"CBN-PdlC-B4-20200812","[1397475, 1392608, 1395807, 1393200]"
"CBN-PdlC-B5-20130807","[1395807, 1397475]"
"CBN-PdlC-B5-20130903","[1395807, 1397475]"
"CBN-PdlC-B5-20140630","[1395807, 1397475]"
"CBN-PdlC-B5-20140721","[1395807, 1397475]"
"CBN-PdlC-B5-20140811","[1395807, 1397475]"
"CBN-PdlC-B5-20140901","[1395807, 1397475]"
"CBN-PdlC-B5-20150701","[1395807, 1397475]"
"CBN-PdlC-B5-20150720","[1395807, 1397475]"
"CBN-PdlC-B5-20150810","[1395807, 1397475]"
"CBN-PdlC-B5-20150831","[1395807, 1397475]"
"CBN-PdlC-B5-20160705","[1395807, 1397475]"
"CBN-PdlC-B5-20160726","[1395807, 1397475]"
"CBN-PdlC-B5-20170816","[1395807, 1397475]"
"CBN-PdlC-B5-20170906","[1395807, 1397475]"
"CBN-PdlC-B5-20180702","[1395807, 1397475]"
"CBN-PdlC-B5-20180723","[1395807, 1397475]"
"CBN-PdlC-B5-20180815","[1395807, 1397475]"
"CBN-PdlC-B5-20180905","[1395807, 1397475]"
"CBN-PdlC-B5-20190701","[1395807, 1397475]"
"CBN-PdlC-B5-20190722","[1395807, 1397475]"
"CBN-PdlC-B5-20190812","[1395807, 1397475]"
"CBN-PdlC-B5-20190909","[1395807, 1397475]"
"CBN-PdlC-B5-20200629","[1395807, 1397475]"
"CBN-PdlC-B5-20200722","[1395807, 1397475]"
"CBN-PdlC-B5-20200812","[1395807, 1397475]"
"CBN-PdlC-B6-20130807","[1395807, 1397475]"
"CBN-PdlC-B6-20130903","[1395807, 1397475]"
"CBN-PdlC-B6-20140630","[1395807, 1397475]"
"CBN-PdlC-B6-20140721","[1395807, 1397475]"
"CBN-PdlC-B6-20140811","[1395807, 1397475]"
"CBN-PdlC-B6-20140901","[1395807, 1397475]"
"CBN-PdlC-B6-20150701","[1395807, 1397475]"
"CBN-PdlC-B6-20150720","[1395807, 1397475]"
"CBN-PdlC-B6-20150810","[1395807, 1397475]"
"CBN-PdlC-B6-20150831","[1395807, 1397475]"
"CBN-PdlC-B6-20160705","[1395807, 1397475]"
"CBN-PdlC-B6-20160726","[1395807, 1397475]"
"CBN-PdlC-B6-20170816","[1395807, 1397475]"
"CBN-PdlC-B6-20170906","[1395807, 1397475]"
"CBN-PdlC-B6-20180702","[1395807, 1397475]"
"CBN-PdlC-B6-20180723","[1395807, 1397475]"
"CBN-PdlC-B6-20180905","[1395807, 1397475]"
"CBN-PdlC-B6-20190701","[1395807, 1397475]"
"CBN-PdlC-B6-20190722","[1395807, 1397475]"
"CBN-PdlC-B6-20190812","[1395807, 1397475]"
"CBN-PdlC-B6-20190909","[1395807, 1397475]"
"CBN-PdlC-B6-20200629","[1395807, 1397475]"
"CBN-PdlC-B6-20200722","[1395807, 1397475]"
"CBN-PdlC-B6-20200812","[1395807, 1397475]"
"CBN-PdlC-C1-20130807","[1395807, 1393200]"
"CBN-PdlC-C1-20130903","[1395807, 1393200]"
"CBN-PdlC-C1-20140721","[1395807, 1393200]"
"CBN-PdlC-C1-20140811","[1395807, 1393200]"
"CBN-PdlC-C1-20140901","[1395807, 1393200]"
"CBN-PdlC-C1-20150701","[1395807, 1393200]"
"CBN-PdlC-C1-20150720","[1395807, 1393200]"
"CBN-PdlC-C1-20150810","[1395807, 1393200]"
"CBN-PdlC-C1-20150831","[1395807, 1393200]"
"CBN-PdlC-C1-20160705","[1395807, 1393200]"
"CBN-PdlC-C1-20160726","[1395807, 1393200]"
"CBN-PdlC-C1-20170816","[1395807, 1393200]"
"CBN-PdlC-C1-20170906","[1395807, 1393200]"
"CBN-PdlC-C1-20180723","[1395807, 1393200]"
"CBN-PdlC-C1-20180815","[1395807, 1393200]"
"CBN-PdlC-C1-20180905","[1395807, 1393200]"
"CBN-PdlC-C1-20190701","[1395807, 1393200]"
"CBN-PdlC-C1-20190722","[1395807, 1393200]"
"CBN-PdlC-C1-20190812","[1395807, 1393200]"
"CBN-PdlC-C1-20190909","[1395807, 1393200]"
"CBN-PdlC-C1-20200722","[1395807, 1393200]"
"CBN-PdlC-C1-20200812","[1395807, 1393200]"
"CBN-PdlC-C2-20130903","[1395807, 1393200]"
"CBN-PdlC-C2-20140721","[1395807, 1393200]"
"CBN-PdlC-C2-20140811","[1395807, 1393200]"
"CBN-PdlC-C2-20140901","[1395807, 1393200]"
"CBN-PdlC-C2-20150701","[1395807, 1393200]"
"CBN-PdlC-C2-20150720","[1395807, 1393200]"
"CBN-PdlC-C2-20150810","[1395807, 1393200]"
"CBN-PdlC-C2-20150831","[1395807, 1393200]"
"CBN-PdlC-C2-20160705","[1395807, 1393200]"
"CBN-PdlC-C2-20160726","[1395807, 1393200]"
"CBN-PdlC-C2-20170816","[1395807, 1393200]"
"CBN-PdlC-C2-20170906","[1395807, 1393200]"
"CBN-PdlC-C2-20180723","[1395807, 1393200]"
"CBN-PdlC-C2-20180815","[1395807, 1393200]"
"CBN-PdlC-C2-20180905","[1395807, 1393200]"
"CBN-PdlC-C2-20190701","[1395807, 1393200]"
"CBN-PdlC-C2-20190722","[1395807, 1393200]"
"CBN-PdlC-C2-20190812","[1395807, 1393200]"
"CBN-PdlC-C2-20190909","[1395807, 1393200]"
"CBN-PdlC-C2-20200722","[1395807, 1393200]"
"CBN-PdlC-C2-20200812","[1395807, 1393200]"
"CBN-PdlC-C3-20130807","[1395807, 1392608]"
"CBN-PdlC-C3-20130903","[1395807, 1392608]"
"CBN-PdlC-C3-20140721","[1395807, 1392608]"
"CBN-PdlC-C3-20140811","[1395807, 1392608]"
"CBN-PdlC-C3-20140901","[1395807, 1392608]"
"CBN-PdlC-C3-20150701","[1395807, 1392608]"
"CBN-PdlC-C3-20150720","[1395807, 1392608]"
"CBN-PdlC-C3-20150831","[1395807, 1392608]"
"CBN-PdlC-C3-20160705","[1395807, 1392608]"
"CBN-PdlC-C3-20160726","[1395807, 1392608]"
"CBN-PdlC-C3-20170816","[1395807, 1392608]"
"CBN-PdlC-C3-20170906","[1395807, 1392608]"
"CBN-PdlC-C3-20180723","[1395807, 1392608]"
"CBN-PdlC-C3-20180815","[1395807, 1392608]"
"CBN-PdlC-C3-20180905","[1395807, 1392608]"
"CBN-PdlC-C3-20190701","[1395807, 1392608]"
"CBN-PdlC-C3-20190722","[1395807, 1392608]"
"CBN-PdlC-C3-20190812","[1395807, 1392608]"
"CBN-PdlC-C3-20190909","[1395807, 1392608]"
"CBN-PdlC-C3-20200722","[1395807, 1392608]"
"CBN-PdlC-C3-20200812","[1395807, 1392608]"
"CBN-PdlC-C4-20130807","[1395807, 1392608]"
"CBN-PdlC-C4-20130903","[1395807, 1392608]"
"CBN-PdlC-C4-20140721","[1395807, 1392608]"
"CBN-PdlC-C4-20140811","[1395807, 1392608]"
"CBN-PdlC-C4-20140901","[1395807, 1392608]"
"CBN-PdlC-C4-20150701","[1395807, 1392608]"
"CBN-PdlC-C4-20150720","[1395807, 1392608]"
"CBN-PdlC-C4-20150831","[1395807, 1392608]"
"CBN-PdlC-C4-20160705","[1395807, 1392608]"
"CBN-PdlC-C4-20160726","[1395807, 1392608]"
"CBN-PdlC-C4-20170816","[1395807, 1392608]"
"CBN-PdlC-C4-20170906","[1395807, 1392608]"
"CBN-PdlC-C4-20180723","[1395807, 1392608]"
"CBN-PdlC-C4-20180815","[1395807, 1392608]"
"CBN-PdlC-C4-20180905","[1395807, 1392608]"
"CBN-PdlC-C4-20190701","[1395807, 1392608]"
"CBN-PdlC-C4-20190722","[1395807, 1392608]"
"CBN-PdlC-C4-20190812","[1395807, 1392608]"
"CBN-PdlC-C4-20190909","[1395807, 1392608]"
"CBN-PdlC-C4-20200722","[1395807, 1392608]"
"CBN-PdlC-C4-20200812","[1395807, 1392608]"
"CBN-PdlC-C5-20130807","[1395807, 1392608]"
"CBN-PdlC-C5-20130903","[1395807, 1392608]"
"CBN-PdlC-C5-20140721","[1395807, 1392608]"
"CBN-PdlC-C5-20140811","[1395807, 1392608]"
"CBN-PdlC-C5-20140901","[1395807, 1392608]"
"CBN-PdlC-C5-20150701","[1395807, 1392608]"
"CBN-PdlC-C5-20150720","[1395807, 1392608]"
"CBN-PdlC-C5-20150810","[1395807, 1392608]"
"CBN-PdlC-C5-20150831","[1395807, 1392608]"
"CBN-PdlC-C5-20160705","[1395807, 1392608]"
"CBN-PdlC-C5-20160726","[1395807, 1392608]"
"CBN-PdlC-C5-20170816","[1395807, 1392608]"
"CBN-PdlC-C5-20170906","[1395807, 1392608]"
"CBN-PdlC-C5-20180723","[1395807, 1392608]"
"CBN-PdlC-C5-20180815","[1395807, 1392608]"
"CBN-PdlC-C5-20180905","[1395807, 1392608]"
"CBN-PdlC-C5-20190701","[1395807, 1392608]"
"CBN-PdlC-C5-20190722","[1395807, 1392608]"
"CBN-PdlC-C5-20190812","[1395807, 1392608]"
"CBN-PdlC-C5-20190909","[1395807, 1392608]"
"CBN-PdlC-C5-20200722","[1395807, 1392608]"
"CBN-PdlC-C5-20200812","[1395807, 1392608]"
"CBN-PdlC-C6-20130807","[1395807, 1392608, 1393200]"
"CBN-PdlC-C6-20130903","[1395807, 1392608, 1393200]"
"CBN-PdlC-C6-20140721","[1395807, 1392608, 1393200]"
"CBN-PdlC-C6-20140811","[1395807, 1392608, 1393200]"
"CBN-PdlC-C6-20140901","[1395807, 1392608, 1393200]"
"CBN-PdlC-C6-20150701","[1395807, 1392608, 1393200]"
"CBN-PdlC-C6-20150720","[1395807, 1392608, 1393200]"
"CBN-PdlC-C6-20150810","[1395807, 1392608, 1393200]"
"CBN-PdlC-C6-20150831","[1395807, 1392608, 1393200]"
"CBN-PdlC-C6-20160705","[1395807, 1392608, 1393200]"
"CBN-PdlC-C6-20160726","[1395807, 1392608, 1393200]"
"CBN-PdlC-C6-20170816","[1395807, 1392608, 1393200]"
"CBN-PdlC-C6-20170906","[1395807, 1392608, 1393200]"
"CBN-PdlC-C6-20180723","[1395807, 1392608, 1393200]"
"CBN-PdlC-C6-20180815","[1395807, 1392608, 1393200]"
"CBN-PdlC-C6-20180905","[1395807, 1392608, 1393200]"
"CBN-PdlC-C6-20190701","[1395807, 1392608, 1393200]"
"CBN-PdlC-C6-20190722","[1395807, 1392608, 1393200]"
"CBN-PdlC-C6-20190812","[1395807, 1392608, 1393200]"
"CBN-PdlC-C6-20190909","[1395807, 1392608, 1393200]"
"CBN-PdlC-C6-20200722","[1395807, 1392608, 1393200]"
"CBN-PdlC-C6-20200812","[1395807, 1392608, 1393200]"
"CBN-PdlC-D1-20130807","[1395807, 1392608]"
"CBN-PdlC-D1-20130903","[1395807, 1392608]"
"CBN-PdlC-D1-20140721","[1395807, 1392608]"
"CBN-PdlC-D1-20140811","[1395807, 1392608]"
"CBN-PdlC-D1-20140901","[1395807, 1392608]"
"CBN-PdlC-D1-20150701","[1395807, 1392608]"
"CBN-PdlC-D1-20150720","[1395807, 1392608]"
"CBN-PdlC-D1-20150810","[1395807, 1392608]"
"CBN-PdlC-D1-20150831","[1395807, 1392608]"
"CBN-PdlC-D1-20160705","[1395807, 1392608]"
"CBN-PdlC-D1-20160726","[1395807, 1392608]"
"CBN-PdlC-D1-20170816","[1395807, 1392608]"
"CBN-PdlC-D1-20170906","[1395807, 1392608]"
"CBN-PdlC-D1-20180723","[1395807, 1392608]"
"CBN-PdlC-D1-20180815","[1395807, 1392608]"
"CBN-PdlC-D1-20180905","[1395807, 1392608]"
"CBN-PdlC-D1-20190701","[1395807, 1392608]"
"CBN-PdlC-D1-20190722","[1395807, 1392608]"
"CBN-PdlC-D1-20190812","[1395807, 1392608]"
"CBN-PdlC-D1-20190909","[1395807, 1392608]"
"CBN-PdlC-D1-20200722","[1395807, 1392608]"
"CBN-PdlC-D1-20200812","[1395807, 1392608]"
"CBN-PdlC-D2-20130807","[1395807, 1394643]"
"CBN-PdlC-D2-20130903","[1395807, 1394643]"
"CBN-PdlC-D2-20140721","[1395807, 1394643]"
"CBN-PdlC-D2-20140811","[1395807, 1394643]"
"CBN-PdlC-D2-20140901","[1395807, 1394643]"
"CBN-PdlC-D2-20150720","[1395807, 1394643]"
"CBN-PdlC-D2-20150810","[1395807, 1394643]"
"CBN-PdlC-D2-20150831","[1395807, 1394643]"
"CBN-PdlC-D2-20160705","[1395807, 1394643]"
"CBN-PdlC-D2-20160726","[1395807, 1394643]"
"CBN-PdlC-D2-20170816","[1395807, 1394643]"
"CBN-PdlC-D2-20170906","[1395807, 1394643]"
"CBN-PdlC-D2-20180723","[1395807, 1394643]"
"CBN-PdlC-D2-20180815","[1395807, 1394643]"
"CBN-PdlC-D2-20180905","[1395807, 1394643]"
"CBN-PdlC-D2-20190701","[1395807, 1394643]"
"CBN-PdlC-D2-20190722","[1395807, 1394643]"
"CBN-PdlC-D2-20190812","[1395807, 1394643]"
"CBN-PdlC-D2-20190909","[1395807, 1394643]"
"CBN-PdlC-D2-20200722","[1395807, 1394643]"
"CBN-PdlC-D2-20200812","[1395807, 1394643]"
"CBN-PdlC-D3-20130807","[1395807]"
"CBN-PdlC-D3-20130903","[1395807]"
"CBN-PdlC-D3-20140721","[1395807]"
"CBN-PdlC-D3-20140811","[1395807]"
"CBN-PdlC-D3-20140901","[1395807]"
"CBN-PdlC-D3-20150701","[1395807]"
"CBN-PdlC-D3-20150720","[1395807]"
"CBN-PdlC-D3-20150831","[1395807]"
"CBN-PdlC-D3-20160705","[1395807]"
"CBN-PdlC-D3-20160726","[1395807]"
"CBN-PdlC-D3-20170816","[1395807]"
"CBN-PdlC-D3-20170906","[1395807]"
"CBN-PdlC-D3-20180723","[1395807]"
"CBN-PdlC-D3-20180815","[1395807]"
"CBN-PdlC-D3-20180905","[1395807]"
"CBN-PdlC-D3-20190701","[1395807]"
"CBN-PdlC-D3-20190722","[1395807]"
"CBN-PdlC-D3-20190812","[1395807]"
"CBN-PdlC-D3-20190909","[1395807]"
"CBN-PdlC-D3-20200722","[1395807]"
"CBN-PdlC-D3-20200812","[1395807]"
"CBN-PdlC-D4-20130807","[1395807, 1392608]"
"CBN-PdlC-D4-20130903","[1395807, 1392608]"
"CBN-PdlC-D4-20140721","[1395807, 1392608]"
"CBN-PdlC-D4-20140811","[1395807, 1392608]"
"CBN-PdlC-D4-20140901","[1395807, 1392608]"
"CBN-PdlC-D4-20150701","[1395807, 1392608]"
"CBN-PdlC-D4-20150720","[1395807, 1392608]"
"CBN-PdlC-D4-20150831","[1395807, 1392608]"
"CBN-PdlC-D4-20160705","[1395807, 1392608]"
"CBN-PdlC-D4-20160726","[1395807, 1392608]"
"CBN-PdlC-D4-20170816","[1395807, 1392608]"
"CBN-PdlC-D4-20170906","[1395807, 1392608]"
"CBN-PdlC-D4-20180723","[1395807, 1392608]"
"CBN-PdlC-D4-20180815","[1395807, 1392608]"
"CBN-PdlC-D4-20180905","[1395807, 1392608]"
"CBN-PdlC-D4-20190701","[1395807, 1392608]"
"CBN-PdlC-D4-20190722","[1395807, 1392608]"
"CBN-PdlC-D4-20190812","[1395807, 1392608]"
"CBN-PdlC-D4-20190909","[1395807, 1392608]"
"CBN-PdlC-D4-20200722","[1395807, 1392608]"
"CBN-PdlC-D4-20200812","[1395807, 1392608]"
"CBN-PdlC-D5-20130807","[1395807, 1392608]"
"CBN-PdlC-D5-20130903","[1395807, 1392608]"
"CBN-PdlC-D5-20140721","[1395807, 1392608]"
"CBN-PdlC-D5-20140811","[1395807, 1392608]"
"CBN-PdlC-D5-20140901","[1395807, 1392608]"
"CBN-PdlC-D5-20150701","[1395807, 1392608]"
"CBN-PdlC-D5-20150720","[1395807, 1392608]"
"CBN-PdlC-D5-20150810","[1395807, 1392608]"
"CBN-PdlC-D5-20150831","[1395807, 1392608]"
"CBN-PdlC-D5-20160705","[1395807, 1392608]"
"CBN-PdlC-D5-20160726","[1395807, 1392608]"
"CBN-PdlC-D5-20170816","[1395807, 1392608]"
"CBN-PdlC-D5-20170906","[1395807, 1392608]"
"CBN-PdlC-D5-20180723","[1395807, 1392608]"
"CBN-PdlC-D5-20180815","[1395807, 1392608]"
"CBN-PdlC-D5-20180905","[1395807, 1392608]"
"CBN-PdlC-D5-20190701","[1395807, 1392608]"
"CBN-PdlC-D5-20190722","[1395807, 1392608]"
"CBN-PdlC-D5-20190812","[1395807, 1392608]"
"CBN-PdlC-D5-20190909","[1395807, 1392608]"
"CBN-PdlC-D5-20200722","[1395807, 1392608]"
"CBN-PdlC-D5-20200812","[1395807, 1392608]"
"CBN-PdlC-D6-20130807","[1395807]"
"CBN-PdlC-D6-20130903","[1395807]"
"CBN-PdlC-D6-20140721","[1395807]"
"CBN-PdlC-D6-20140811","[1395807]"
"CBN-PdlC-D6-20140901","[1395807]"
"CBN-PdlC-D6-20150701","[1395807]"
"CBN-PdlC-D6-20150720","[1395807]"
"CBN-PdlC-D6-20150810","[1395807]"
"CBN-PdlC-D6-20150831","[1395807]"
"CBN-PdlC-D6-20160705","[1395807]"
"CBN-PdlC-D6-20160726","[1395807]"
"CBN-PdlC-D6-20170816","[1395807]"
"CBN-PdlC-D6-20170906","[1395807]"
"CBN-PdlC-D6-20180723","[1395807]"
"CBN-PdlC-D6-20180815","[1395807]"
"CBN-PdlC-D6-20180905","[1395807]"
"CBN-PdlC-D6-20190701","[1395807]"
"CBN-PdlC-D6-20190722","[1395807]"
"CBN-PdlC-D6-20190812","[1395807]"
"CBN-PdlC-D6-20190909","[1395807]"
"CBN-PdlC-D6-20200722","[1395807]"
"CBN-PdlC-D6-20200812","[1395807]"
"CBN-PdlC-E1-20130723","[1395807, 1392608, 1393200]"
"CBN-PdlC-E1-20130807","[1395807, 1392608, 1393200]"
"CBN-PdlC-E1-20130903","[1395807, 1392608, 1393200]"
"CBN-PdlC-E1-20140630","[1395807, 1392608, 1393200]"
"CBN-PdlC-E1-20140721","[1395807, 1392608, 1393200]"
"CBN-PdlC-E1-20140811","[1395807, 1392608, 1393200]"
"CBN-PdlC-E1-20140901","[1395807, 1392608, 1393200]"
"CBN-PdlC-E1-20150701","[1395807, 1392608, 1393200]"
"CBN-PdlC-E1-20150720","[1395807, 1392608, 1393200]"
"CBN-PdlC-E1-20150810","[1395807, 1392608, 1393200]"
"CBN-PdlC-E1-20150831","[1395807, 1392608, 1393200]"
"CBN-PdlC-E1-20160705","[1395807, 1392608, 1393200]"
"CBN-PdlC-E1-20160726","[1395807, 1392608, 1393200]"
"CBN-PdlC-E1-20170816","[1395807, 1392608, 1393200]"
"CBN-PdlC-E1-20170906","[1395807, 1392608, 1393200]"
"CBN-PdlC-E1-20180702","[1395807, 1392608, 1393200]"
"CBN-PdlC-E1-20180723","[1395807, 1392608, 1393200]"
"CBN-PdlC-E1-20180815","[1395807, 1392608, 1393200]"
"CBN-PdlC-E1-20180905","[1395807, 1392608, 1393200]"
"CBN-PdlC-E1-20190701","[1395807, 1392608, 1393200]"
"CBN-PdlC-E1-20190812","[1395807, 1392608, 1393200]"
"CBN-PdlC-E1-20190909","[1395807, 1392608, 1393200]"
"CBN-PdlC-E1-20200629","[1395807, 1392608, 1393200]"
"CBN-PdlC-E1-20200722","[1395807, 1392608, 1393200]"
"CBN-PdlC-E1-20200812","[1395807, 1392608, 1393200]"
"CBN-PdlC-E2-20130723","[1395807, 1392608, 1394643]"
"CBN-PdlC-E2-20130807","[1395807, 1392608, 1394643]"
"CBN-PdlC-E2-20130903","[1395807, 1392608, 1394643]"
"CBN-PdlC-E2-20140630","[1395807, 1392608, 1394643]"
"CBN-PdlC-E2-20140721","[1395807, 1392608, 1394643]"
"CBN-PdlC-E2-20140811","[1395807, 1392608, 1394643]"
"CBN-PdlC-E2-20140901","[1395807, 1392608, 1394643]"
"CBN-PdlC-E2-20150720","[1395807, 1392608, 1394643]"
"CBN-PdlC-E2-20150810","[1395807, 1392608, 1394643]"
"CBN-PdlC-E2-20150831","[1395807, 1392608, 1394643]"
"CBN-PdlC-E2-20160705","[1395807, 1392608, 1394643]"
"CBN-PdlC-E2-20160726","[1395807, 1392608, 1394643]"
"CBN-PdlC-E2-20170816","[1395807, 1392608, 1394643]"
"CBN-PdlC-E2-20170906","[1395807, 1392608, 1394643]"
"CBN-PdlC-E2-20180702","[1395807, 1392608, 1394643]"
"CBN-PdlC-E2-20180723","[1395807, 1392608, 1394643]"
"CBN-PdlC-E2-20180815","[1395807, 1392608, 1394643]"
"CBN-PdlC-E2-20180905","[1395807, 1392608, 1394643]"
"CBN-PdlC-E2-20190701","[1395807, 1392608, 1394643]"
"CBN-PdlC-E2-20190812","[1395807, 1392608, 1394643]"
"CBN-PdlC-E2-20190909","[1395807, 1392608, 1394643]"
"CBN-PdlC-E2-20200629","[1395807, 1392608, 1394643]"
"CBN-PdlC-E2-20200722","[1395807, 1392608, 1394643]"
"CBN-PdlC-E2-20200812","[1395807, 1392608, 1394643]"
"CBN-PdlC-E3-20130723","[1395807]"
"CBN-PdlC-E3-20130807","[1395807]"
"CBN-PdlC-E3-20130903","[1395807]"
"CBN-PdlC-E3-20140630","[1395807]"
"CBN-PdlC-E3-20140721","[1395807]"
"CBN-PdlC-E3-20140811","[1395807]"
"CBN-PdlC-E3-20140901","[1395807]"
"CBN-PdlC-E3-20150701","[1395807]"
"CBN-PdlC-E3-20150720","[1395807]"
"CBN-PdlC-E3-20150810","[1395807]"
"CBN-PdlC-E3-20150831","[1395807]"
"CBN-PdlC-E3-20160705","[1395807]"
"CBN-PdlC-E3-20160726","[1395807]"
"CBN-PdlC-E3-20170816","[1395807]"
"CBN-PdlC-E3-20170906","[1395807]"
"CBN-PdlC-E3-20180702","[1395807]"
"CBN-PdlC-E3-20180723","[1395807]"
"CBN-PdlC-E3-20180815","[1395807]"
"CBN-PdlC-E3-20180905","[1395807]"
"CBN-PdlC-E3-20190701","[1395807]"
"CBN-PdlC-E3-20190812","[1395807]"
"CBN-PdlC-E3-20190909","[1395807]"
"CBN-PdlC-E3-20200629","[1395807]"
"CBN-PdlC-E3-20200722","[1395807]"
"CBN-PdlC-E3-20200812","[1395807]"
"CBN-PdlC-E4-20130807","[1395807, 1392608]"
"CBN-PdlC-E4-20130903","[1395807, 1392608]"
"CBN-PdlC-E4-20140630","[1395807, 1392608]"
"CBN-PdlC-E4-20140721","[1395807, 1392608]"
"CBN-PdlC-E4-20140811","[1395807, 1392608]"
"CBN-PdlC-E4-20140901","[1395807, 1392608]"
"CBN-PdlC-E4-20150701","[1395807, 1392608]"
"CBN-PdlC-E4-20150720","[1395807, 1392608]"
"CBN-PdlC-E4-20150810","[1395807, 1392608]"
"CBN-PdlC-E4-20160705","[1395807, 1392608]"
"CBN-PdlC-E4-20160726","[1395807, 1392608]"
"CBN-PdlC-E4-20170816","[1395807, 1392608]"
"CBN-PdlC-E4-20170906","[1395807, 1392608]"
"CBN-PdlC-E4-20180702","[1395807, 1392608]"
"CBN-PdlC-E4-20180723","[1395807, 1392608]"
"CBN-PdlC-E4-20180815","[1395807, 1392608]"
"CBN-PdlC-E4-20180905","[1395807, 1392608]"
"CBN-PdlC-E4-20190701","[1395807, 1392608]"
"CBN-PdlC-E4-20190812","[1395807, 1392608]"
"CBN-PdlC-E4-20190909","[1395807, 1392608]"
"CBN-PdlC-E4-20200629","[1395807, 1392608]"
"CBN-PdlC-E4-20200722","[1395807, 1392608]"
"CBN-PdlC-E4-20200812","[1395807, 1392608]"
"CBN-PdlC-E5-20130723","[1395807, 1392608, 1393200]"
"CBN-PdlC-E5-20130807","[1395807, 1392608, 1393200]"
"CBN-PdlC-E5-20130903","[1395807, 1392608, 1393200]"
"CBN-PdlC-E5-20140630","[1395807, 1392608, 1393200]"
"CBN-PdlC-E5-20140721","[1395807, 1392608, 1393200]"
"CBN-PdlC-E5-20140811","[1395807, 1392608, 1393200]"
"CBN-PdlC-E5-20150720","[1395807, 1392608, 1393200]"
"CBN-PdlC-E5-20150810","[1395807, 1392608, 1393200]"
"CBN-PdlC-E5-20150831","[1395807, 1392608, 1393200]"
"CBN-PdlC-E5-20160705","[1395807, 1392608, 1393200]"
"CBN-PdlC-E5-20160726","[1395807, 1392608, 1393200]"
"CBN-PdlC-E5-20170816","[1395807, 1392608, 1393200]"
"CBN-PdlC-E5-20170906","[1395807, 1392608, 1393200]"
"CBN-PdlC-E5-20180702","[1395807, 1392608, 1393200]"
"CBN-PdlC-E5-20180723","[1395807, 1392608, 1393200]"
"CBN-PdlC-E5-20180815","[1395807, 1392608, 1393200]"
"CBN-PdlC-E5-20180905","[1395807, 1392608, 1393200]"
"CBN-PdlC-E5-20190722","[1395807, 1392608, 1393200]"
"CBN-PdlC-E5-20190812","[1395807, 1392608, 1393200]"
"CBN-PdlC-E5-20190909","[1395807, 1392608, 1393200]"
"CBN-PdlC-E5-20200629","[1395807, 1392608, 1393200]"
"CBN-PdlC-E5-20200722","[1395807, 1392608, 1393200]"
"CBN-PdlC-E5-20200812","[1395807, 1392608, 1393200]"
"CBN-PdlC-E6-20130723","[1395807, 1392608]"
"CBN-PdlC-E6-20130807","[1395807, 1392608]"
"CBN-PdlC-E6-20130903","[1395807, 1392608]"
"CBN-PdlC-E6-20140630","[1395807, 1392608]"
"CBN-PdlC-E6-20140721","[1395807, 1392608]"
"CBN-PdlC-E6-20140811","[1395807, 1392608]"
"CBN-PdlC-E6-20150701","[1395807, 1392608]"
"CBN-PdlC-E6-20150720","[1395807, 1392608]"
"CBN-PdlC-E6-20150810","[1395807, 1392608]"
"CBN-PdlC-E6-20150831","[1395807, 1392608]"
"CBN-PdlC-E6-20160705","[1395807, 1392608]"
"CBN-PdlC-E6-20160726","[1395807, 1392608]"
"CBN-PdlC-E6-20170816","[1395807, 1392608]"
"CBN-PdlC-E6-20170906","[1395807, 1392608]"
"CBN-PdlC-E6-20180702","[1395807, 1392608]"
"CBN-PdlC-E6-20180723","[1395807, 1392608]"
"CBN-PdlC-E6-20180815","[1395807, 1392608]"
"CBN-PdlC-E6-20180905","[1395807, 1392608]"
"CBN-PdlC-E6-20190722","[1395807, 1392608]"
"CBN-PdlC-E6-20190812","[1395807, 1392608]"
"CBN-PdlC-E6-20190909","[1395807, 1392608]"
"CBN-PdlC-E6-20200629","[1395807, 1392608]"
"CBN-PdlC-E6-20200722","[1395807, 1392608]"
"CBN-PdlC-E6-20200812","[1395807, 1392608]"
"CBN-PdlC-F1-20130723","[1395807, 1392608]"
"CBN-PdlC-F1-20130807","[1395807, 1392608]"
"CBN-PdlC-F1-20130903","[1395807, 1392608]"
"CBN-PdlC-F1-20140630","[1395807, 1392608]"
"CBN-PdlC-F1-20140721","[1395807, 1392608]"
"CBN-PdlC-F1-20140811","[1395807, 1392608]"
"CBN-PdlC-F1-20140901","[1395807, 1392608]"
"CBN-PdlC-F1-20150701","[1395807, 1392608]"
"CBN-PdlC-F1-20150720","[1395807, 1392608]"
"CBN-PdlC-F1-20150810","[1395807, 1392608]"
"CBN-PdlC-F1-20150831","[1395807, 1392608]"
"CBN-PdlC-F1-20160705","[1395807, 1392608]"
"CBN-PdlC-F1-20160726","[1395807, 1392608]"
"CBN-PdlC-F1-20170816","[1395807, 1392608]"
"CBN-PdlC-F1-20170906","[1395807, 1392608]"
"CBN-PdlC-F1-20180702","[1395807, 1392608]"
"CBN-PdlC-F1-20180723","[1395807, 1392608]"
"CBN-PdlC-F1-20180815","[1395807, 1392608]"
"CBN-PdlC-F1-20180905","[1395807, 1392608]"
"CBN-PdlC-F1-20190701","[1395807, 1392608]"
"CBN-PdlC-F1-20190812","[1395807, 1392608]"
"CBN-PdlC-F1-20190909","[1395807, 1392608]"
"CBN-PdlC-F1-20200629","[1395807, 1392608]"
"CBN-PdlC-F1-20200722","[1395807, 1392608]"
"CBN-PdlC-F1-20200812","[1395807, 1392608]"
"CBN-PdlC-F2-20130723","[1395807, 1392608]"
"CBN-PdlC-F2-20130807","[1395807, 1392608]"
"CBN-PdlC-F2-20130903","[1395807, 1392608]"
"CBN-PdlC-F2-20140630","[1395807, 1392608]"
"CBN-PdlC-F2-20140721","[1395807, 1392608]"
"CBN-PdlC-F2-20140811","[1395807, 1392608]"
"CBN-PdlC-F2-20140901","[1395807, 1392608]"
"CBN-PdlC-F2-20150701","[1395807, 1392608]"
"CBN-PdlC-F2-20150720","[1395807, 1392608]"
"CBN-PdlC-F2-20150810","[1395807, 1392608]"
"CBN-PdlC-F2-20150831","[1395807, 1392608]"
"CBN-PdlC-F2-20160705","[1395807, 1392608]"
"CBN-PdlC-F2-20160726","[1395807, 1392608]"
"CBN-PdlC-F2-20170906","[1395807, 1392608]"
"CBN-PdlC-F2-20180702","[1395807, 1392608]"
"CBN-PdlC-F2-20180723","[1395807, 1392608]"
"CBN-PdlC-F2-20180815","[1395807, 1392608]"
"CBN-PdlC-F2-20180905","[1395807, 1392608]"
"CBN-PdlC-F2-20190701","[1395807, 1392608]"
"CBN-PdlC-F2-20190812","[1395807, 1392608]"
"CBN-PdlC-F2-20190909","[1395807, 1392608]"
"CBN-PdlC-F2-20200629","[1395807, 1392608]"
"CBN-PdlC-F2-20200722","[1395807, 1392608]"
"CBN-PdlC-F2-20200812","[1395807, 1392608]"
"CBN-PdlC-F3-20130723","[1395807, 1392608, 1393200]"
"CBN-PdlC-F3-20130807","[1395807, 1392608, 1393200]"
"CBN-PdlC-F3-20130903","[1395807, 1392608, 1393200]"
"CBN-PdlC-F3-20140630","[1395807, 1392608, 1393200]"
"CBN-PdlC-F3-20140721","[1395807, 1392608, 1393200]"
"CBN-PdlC-F3-20140811","[1395807, 1392608, 1393200]"
"CBN-PdlC-F3-20140901","[1395807, 1392608, 1393200]"
"CBN-PdlC-F3-20150701","[1395807, 1392608, 1393200]"
"CBN-PdlC-F3-20150720","[1395807, 1392608, 1393200]"
"CBN-PdlC-F3-20150810","[1395807, 1392608, 1393200]"
"CBN-PdlC-F3-20150831","[1395807, 1392608, 1393200]"
"CBN-PdlC-F3-20160705","[1395807, 1392608, 1393200]"
"CBN-PdlC-F3-20160726","[1395807, 1392608, 1393200]"
"CBN-PdlC-F3-20170816","[1395807, 1392608, 1393200]"
"CBN-PdlC-F3-20170906","[1395807, 1392608, 1393200]"
"CBN-PdlC-F3-20180702","[1395807, 1392608, 1393200]"
"CBN-PdlC-F3-20180723","[1395807, 1392608, 1393200]"
"CBN-PdlC-F3-20180815","[1395807, 1392608, 1393200]"
"CBN-PdlC-F3-20180905","[1395807, 1392608, 1393200]"
"CBN-PdlC-F3-20190701","[1395807, 1392608, 1393200]"
"CBN-PdlC-F3-20190722","[1395807, 1392608, 1393200]"
"CBN-PdlC-F3-20190812","[1395807, 1392608, 1393200]"
"CBN-PdlC-F3-20190909","[1395807, 1392608, 1393200]"
"CBN-PdlC-F3-20200629","[1395807, 1392608, 1393200]"
"CBN-PdlC-F3-20200722","[1395807, 1392608, 1393200]"
"CBN-PdlC-F3-20200812","[1395807, 1392608, 1393200]"
"CBN-PdlC-F4-20130723","[1392608, 1395807, 1393200]"
"CBN-PdlC-F4-20130807","[1392608, 1395807, 1393200]"
"CBN-PdlC-F4-20130903","[1392608, 1395807, 1393200]"
"CBN-PdlC-F4-20140630","[1392608, 1395807, 1393200]"
"CBN-PdlC-F4-20140811","[1392608, 1395807, 1393200]"
"CBN-PdlC-F4-20140901","[1392608, 1395807, 1393200]"
"CBN-PdlC-F4-20150701","[1392608, 1395807, 1393200]"
"CBN-PdlC-F4-20150720","[1392608, 1395807, 1393200]"
"CBN-PdlC-F4-20150810","[1392608, 1395807, 1393200]"
"CBN-PdlC-F4-20150831","[1392608, 1395807, 1393200]"
"CBN-PdlC-F4-20160705","[1392608, 1395807, 1393200]"
"CBN-PdlC-F4-20160726","[1392608, 1395807, 1393200]"
"CBN-PdlC-F4-20170816","[1392608, 1395807, 1393200]"
"CBN-PdlC-F4-20170906","[1392608, 1395807, 1393200]"
"CBN-PdlC-F4-20180702","[1392608, 1395807, 1393200]"
"CBN-PdlC-F4-20180723","[1392608, 1395807, 1393200]"
"CBN-PdlC-F4-20180815","[1392608, 1395807, 1393200]"
"CBN-PdlC-F4-20180905","[1392608, 1395807, 1393200]"
"CBN-PdlC-F4-20190701","[1392608, 1395807, 1393200]"
"CBN-PdlC-F4-20190722","[1392608, 1395807, 1393200]"
"CBN-PdlC-F4-20190812","[1392608, 1395807, 1393200]"
"CBN-PdlC-F4-20190909","[1392608, 1395807, 1393200]"
"CBN-PdlC-F4-20200629","[1392608, 1395807, 1393200]"
"CBN-PdlC-F4-20200722","[1392608, 1395807, 1393200]"
"CBN-PdlC-F4-20200812","[1392608, 1395807, 1393200]"
"CBN-PdlC-F5-20130723","[1392608, 1395807]"
"CBN-PdlC-F5-20130903","[1392608, 1395807]"
"CBN-PdlC-F5-20140630","[1392608, 1395807]"
"CBN-PdlC-F5-20140721","[1392608, 1395807]"
"CBN-PdlC-F5-20140811","[1392608, 1395807]"
"CBN-PdlC-F5-20150701","[1392608, 1395807]"
"CBN-PdlC-F5-20150720","[1392608, 1395807]"
"CBN-PdlC-F5-20150810","[1392608, 1395807]"
"CBN-PdlC-F5-20150831","[1392608, 1395807]"
"CBN-PdlC-F5-20160705","[1392608, 1395807]"
"CBN-PdlC-F5-20160726","[1392608, 1395807]"
"CBN-PdlC-F5-20170816","[1392608, 1395807]"
"CBN-PdlC-F5-20170906","[1392608, 1395807]"
"CBN-PdlC-F5-20180702","[1392608, 1395807]"
"CBN-PdlC-F5-20180723","[1392608, 1395807]"
"CBN-PdlC-F5-20180815","[1392608, 1395807]"
"CBN-PdlC-F5-20180905","[1392608, 1395807]"
"CBN-PdlC-F5-20190722","[1392608, 1395807]"
"CBN-PdlC-F5-20190812","[1392608, 1395807]"
"CBN-PdlC-F5-20190909","[1392608, 1395807]"
"CBN-PdlC-F5-20200629","[1392608, 1395807]"
"CBN-PdlC-F5-20200722","[1392608, 1395807]"
"CBN-PdlC-F5-20200812","[1392608, 1395807]"
"CBN-PdlC-F6-20130723","[1395807, 1392608, 1393200]"
"CBN-PdlC-F6-20130807","[1395807, 1392608, 1393200]"
"CBN-PdlC-F6-20130903","[1395807, 1392608, 1393200]"
"CBN-PdlC-F6-20140630","[1395807, 1392608, 1393200]"
"CBN-PdlC-F6-20140721","[1395807, 1392608, 1393200]"
"CBN-PdlC-F6-20140811","[1395807, 1392608, 1393200]"
"CBN-PdlC-F6-20150701","[1395807, 1392608, 1393200]"
"CBN-PdlC-F6-20150720","[1395807, 1392608, 1393200]"
"CBN-PdlC-F6-20150810","[1395807, 1392608, 1393200]"
"CBN-PdlC-F6-20150831","[1395807, 1392608, 1393200]"
"CBN-PdlC-F6-20160705","[1395807, 1392608, 1393200]"
"CBN-PdlC-F6-20160726","[1395807, 1392608, 1393200]"
"CBN-PdlC-F6-20170816","[1395807, 1392608, 1393200]"
"CBN-PdlC-F6-20170906","[1395807, 1392608, 1393200]"
"CBN-PdlC-F6-20180702","[1395807, 1392608, 1393200]"
"CBN-PdlC-F6-20180723","[1395807, 1392608, 1393200]"
"CBN-PdlC-F6-20180815","[1395807, 1392608, 1393200]"
"CBN-PdlC-F6-20180905","[1395807, 1392608, 1393200]"
"CBN-PdlC-F6-20190722","[1395807, 1392608, 1393200]"
"CBN-PdlC-F6-20190812","[1395807, 1392608, 1393200]"
"CBN-PdlC-F6-20190909","[1395807, 1392608, 1393200]"
"CBN-PdlC-F6-20200629","[1395807, 1392608, 1393200]"
"CBN-PdlC-F6-20200722","[1395807, 1392608, 1393200]"
"CBN-PdlC-F6-20200812","[1395807, 1392608, 1393200]"
"CBN-Pla-A1-20130808","[1395807]"
"CBN-Pla-A1-20130904","[1395807]"
"CBN-Pla-A1-20140722","[1395807]"
"CBN-Pla-A1-20140812","[1395807]"
"CBN-Pla-A1-20140902","[1395807]"
"CBN-Pla-A1-20150702","[1395807]"
"CBN-Pla-A1-20150723","[1395807]"
"CBN-Pla-A1-20150811","[1395807]"
"CBN-Pla-A1-20150901","[1395807]"
"CBN-Pla-A1-20160707","[1395807]"
"CBN-Pla-A1-20160728","[1395807]"
"CBN-Pla-A1-20180724","[1395807]"
"CBN-Pla-A1-20180816","[1395807]"
"CBN-Pla-A1-20180906","[1395807]"
"CBN-Pla-A1-20190723","[1395807]"
"CBN-Pla-A1-20190814","[1395807]"
"CBN-Pla-A1-20200630","[1395807]"
"CBN-Pla-A1-20200723","[1395807]"
"CBN-Pla-A1-20200814","[1395807]"
"CBN-Pla-A2-20130724","[1395807]"
"CBN-Pla-A2-20130808","[1395807]"
"CBN-Pla-A2-20130904","[1395807]"
"CBN-Pla-A2-20140722","[1395807]"
"CBN-Pla-A2-20140812","[1395807]"
"CBN-Pla-A2-20140902","[1395807]"
"CBN-Pla-A2-20150702","[1395807]"
"CBN-Pla-A2-20150723","[1395807]"
"CBN-Pla-A2-20150811","[1395807]"
"CBN-Pla-A2-20150901","[1395807]"
"CBN-Pla-A2-20160707","[1395807]"
"CBN-Pla-A2-20160728","[1395807]"
"CBN-Pla-A2-20180724","[1395807]"
"CBN-Pla-A2-20180816","[1395807]"
"CBN-Pla-A2-20180906","[1395807]"
"CBN-Pla-A2-20190723","[1395807]"
"CBN-Pla-A2-20190814","[1395807]"
"CBN-Pla-A2-20200723","[1395807]"
"CBN-Pla-A2-20200814","[1395807]"
"CBN-Pla-A3-20130724","[1395807]"
"CBN-Pla-A3-20130808","[1395807]"
"CBN-Pla-A3-20130904","[1395807]"
"CBN-Pla-A3-20140722","[1395807]"
"CBN-Pla-A3-20140812","[1395807]"
"CBN-Pla-A3-20140902","[1395807]"
"CBN-Pla-A3-20150702","[1395807]"
"CBN-Pla-A3-20150723","[1395807]"
"CBN-Pla-A3-20150811","[1395807]"
"CBN-Pla-A3-20150901","[1395807]"
"CBN-Pla-A3-20160707","[1395807]"
"CBN-Pla-A3-20160728","[1395807]"
"CBN-Pla-A3-20180724","[1395807]"
"CBN-Pla-A3-20180816","[1395807]"
"CBN-Pla-A3-20180906","[1395807]"
"CBN-Pla-A3-20190723","[1395807]"
"CBN-Pla-A3-20190814","[1395807]"
"CBN-Pla-A3-20200723","[1395807]"
"CBN-Pla-A3-20200814","[1395807]"
"CBN-Pla-A4-20130724","[1395807, 1395870]"
"CBN-Pla-A4-20130808","[1395807, 1395870]"
"CBN-Pla-A4-20130904","[1395807, 1395870]"
"CBN-Pla-A4-20140722","[1395807, 1395870]"
"CBN-Pla-A4-20140812","[1395807, 1395870]"
"CBN-Pla-A4-20140902","[1395807, 1395870]"
"CBN-Pla-A4-20150702","[1395807, 1395870]"
"CBN-Pla-A4-20150723","[1395807, 1395870]"
"CBN-Pla-A4-20150811","[1395807, 1395870]"
"CBN-Pla-A4-20150901","[1395807, 1395870]"
"CBN-Pla-A4-20160707","[1395807, 1395870]"
"CBN-Pla-A4-20160728","[1395807, 1395870]"
"CBN-Pla-A4-20180724","[1395807, 1395870]"
"CBN-Pla-A4-20180816","[1395807, 1395870]"
"CBN-Pla-A4-20180906","[1395807, 1395870]"
"CBN-Pla-A4-20190723","[1395807, 1395870]"
"CBN-Pla-A4-20190814","[1395807, 1395870]"
"CBN-Pla-A4-20200723","[1395807, 1395870]"
"CBN-Pla-A4-20200814","[1395807, 1395870]"
"CBN-Pla-A5-20130724","[1395807, 1395870]"
"CBN-Pla-A5-20130808","[1395807, 1395870]"
"CBN-Pla-A5-20130904","[1395807, 1395870]"
"CBN-Pla-A5-20140722","[1395807, 1395870]"
"CBN-Pla-A5-20140812","[1395807, 1395870]"
"CBN-Pla-A5-20140902","[1395807, 1395870]"
"CBN-Pla-A5-20150702","[1395807, 1395870]"
"CBN-Pla-A5-20150723","[1395807, 1395870]"
"CBN-Pla-A5-20150811","[1395807, 1395870]"
"CBN-Pla-A5-20160707","[1395807, 1395870]"
"CBN-Pla-A5-20160728","[1395807, 1395870]"
"CBN-Pla-A5-20180724","[1395807, 1395870]"
"CBN-Pla-A5-20180816","[1395807, 1395870]"
"CBN-Pla-A5-20180906","[1395807, 1395870]"
"CBN-Pla-A5-20190723","[1395807, 1395870]"
"CBN-Pla-A5-20190814","[1395807, 1395870]"
"CBN-Pla-A5-20200723","[1395807, 1395870]"
"CBN-Pla-A5-20200814","[1395807, 1395870]"
"CBN-Pla-A6-20130724","[1395807, 1395870]"
"CBN-Pla-A6-20130808","[1395807, 1395870]"
"CBN-Pla-A6-20130904","[1395807, 1395870]"
"CBN-Pla-A6-20140722","[1395807, 1395870]"
"CBN-Pla-A6-20140812","[1395807, 1395870]"
"CBN-Pla-A6-20140902","[1395807, 1395870]"
"CBN-Pla-A6-20150702","[1395807, 1395870]"
"CBN-Pla-A6-20150723","[1395807, 1395870]"
"CBN-Pla-A6-20150811","[1395807, 1395870]"
"CBN-Pla-A6-20150901","[1395807, 1395870]"
"CBN-Pla-A6-20160707","[1395807, 1395870]"
"CBN-Pla-A6-20160728","[1395807, 1395870]"
"CBN-Pla-A6-20180724","[1395807, 1395870]"
"CBN-Pla-A6-20180816","[1395807, 1395870]"
"CBN-Pla-A6-20180906","[1395807, 1395870]"
"CBN-Pla-A6-20190723","[1395807, 1395870]"
"CBN-Pla-A6-20190814","[1395807, 1395870]"
"CBN-Pla-A6-20200723","[1395807, 1395870]"
"CBN-Pla-A6-20200814","[1395807, 1395870]"
"CBN-Pla-B1-20130724","[1395807]"
"CBN-Pla-B1-20130808","[1395807]"
"CBN-Pla-B1-20130904","[1395807]"
"CBN-Pla-B1-20140722","[1395807]"
"CBN-Pla-B1-20140812","[1395807]"
"CBN-Pla-B1-20140902","[1395807]"
"CBN-Pla-B1-20150702","[1395807]"
"CBN-Pla-B1-20150723","[1395807]"
"CBN-Pla-B1-20150811","[1395807]"
"CBN-Pla-B1-20150901","[1395807]"
"CBN-Pla-B1-20160707","[1395807]"
"CBN-Pla-B1-20160728","[1395807]"
"CBN-Pla-B1-20180724","[1395807]"
"CBN-Pla-B1-20180816","[1395807]"
"CBN-Pla-B1-20180906","[1395807]"
"CBN-Pla-B1-20190723","[1395807]"
"CBN-Pla-B1-20190814","[1395807]"
"CBN-Pla-B1-20200630","[1395807]"
"CBN-Pla-B1-20200723","[1395807]"
"CBN-Pla-B1-20200814","[1395807]"
"CBN-Pla-B2-20130724","[1395807]"
"CBN-Pla-B2-20130808","[1395807]"
"CBN-Pla-B2-20130904","[1395807]"
"CBN-Pla-B2-20140722","[1395807]"
"CBN-Pla-B2-20140812","[1395807]"
"CBN-Pla-B2-20140902","[1395807]"
"CBN-Pla-B2-20150702","[1395807]"
"CBN-Pla-B2-20150723","[1395807]"
"CBN-Pla-B2-20150811","[1395807]"
"CBN-Pla-B2-20150901","[1395807]"
"CBN-Pla-B2-20160707","[1395807]"
"CBN-Pla-B2-20160728","[1395807]"
"CBN-Pla-B2-20180724","[1395807]"
"CBN-Pla-B2-20180816","[1395807]"
"CBN-Pla-B2-20180906","[1395807]"
"CBN-Pla-B2-20190723","[1395807]"
"CBN-Pla-B2-20190814","[1395807]"
"CBN-Pla-B2-20200723","[1395807]"
"CBN-Pla-B2-20200814","[1395807]"
"CBN-Pla-B3-20130724","[1395807]"
"CBN-Pla-B3-20130808","[1395807]"
"CBN-Pla-B3-20130904","[1395807]"
"CBN-Pla-B3-20140722","[1395807]"
"CBN-Pla-B3-20140812","[1395807]"
"CBN-Pla-B3-20140902","[1395807]"
"CBN-Pla-B3-20150811","[1395807]"
"CBN-Pla-B3-20150901","[1395807]"
"CBN-Pla-B3-20160707","[1395807]"
"CBN-Pla-B3-20160728","[1395807]"
"CBN-Pla-B3-20180724","[1395807]"
"CBN-Pla-B3-20180816","[1395807]"
"CBN-Pla-B3-20180906","[1395807]"
"CBN-Pla-B3-20190723","[1395807]"
"CBN-Pla-B3-20190814","[1395807]"
"CBN-Pla-B3-20200723","[1395807]"
"CBN-Pla-B3-20200814","[1395807]"
"CBN-Pla-B4-20130724","[1395807]"
"CBN-Pla-B4-20130808","[1395807]"
"CBN-Pla-B4-20130904","[1395807]"
"CBN-Pla-B4-20140722","[1395807]"
"CBN-Pla-B4-20140812","[1395807]"
"CBN-Pla-B4-20140902","[1395807]"
"CBN-Pla-B4-20150702","[1395807]"
"CBN-Pla-B4-20150723","[1395807]"
"CBN-Pla-B4-20150811","[1395807]"
"CBN-Pla-B4-20150901","[1395807]"
"CBN-Pla-B4-20160707","[1395807]"
"CBN-Pla-B4-20160728","[1395807]"
"CBN-Pla-B4-20180724","[1395807]"
"CBN-Pla-B4-20180816","[1395807]"
"CBN-Pla-B4-20180906","[1395807]"
"CBN-Pla-B4-20190723","[1395807]"
"CBN-Pla-B4-20190814","[1395807]"
"CBN-Pla-B4-20200723","[1395807]"
"CBN-Pla-B4-20200814","[1395807]"
"CBN-Pla-B5-20130724","[1395807, 1395870]"
"CBN-Pla-B5-20130808","[1395807, 1395870]"
"CBN-Pla-B5-20130904","[1395807, 1395870]"
"CBN-Pla-B5-20140722","[1395807, 1395870]"
"CBN-Pla-B5-20140812","[1395807, 1395870]"
"CBN-Pla-B5-20140902","[1395807, 1395870]"
"CBN-Pla-B5-20150702","[1395807, 1395870]"
"CBN-Pla-B5-20150723","[1395807, 1395870]"
"CBN-Pla-B5-20150811","[1395807, 1395870]"
"CBN-Pla-B5-20150901","[1395807, 1395870]"
"CBN-Pla-B5-20160707","[1395807, 1395870]"
"CBN-Pla-B5-20160728","[1395807, 1395870]"
"CBN-Pla-B5-20180724","[1395807, 1395870]"
"CBN-Pla-B5-20180816","[1395807, 1395870]"
"CBN-Pla-B5-20180906","[1395807, 1395870]"
"CBN-Pla-B5-20190723","[1395807, 1395870]"
"CBN-Pla-B5-20190814","[1395807, 1395870]"
"CBN-Pla-B5-20200723","[1395807, 1395870]"
"CBN-Pla-B5-20200814","[1395807, 1395870]"
"CBN-Pla-B6-20130724","[1395807]"
"CBN-Pla-B6-20130808","[1395807]"
"CBN-Pla-B6-20130904","[1395807]"
"CBN-Pla-B6-20140722","[1395807]"
"CBN-Pla-B6-20140812","[1395807]"
"CBN-Pla-B6-20140902","[1395807]"
"CBN-Pla-B6-20150702","[1395807]"
"CBN-Pla-B6-20150723","[1395807]"
"CBN-Pla-B6-20150811","[1395807]"
"CBN-Pla-B6-20150901","[1395807]"
"CBN-Pla-B6-20160707","[1395807]"
"CBN-Pla-B6-20160728","[1395807]"
"CBN-Pla-B6-20180816","[1395807]"
"CBN-Pla-B6-20180906","[1395807]"
"CBN-Pla-B6-20190723","[1395807]"
"CBN-Pla-B6-20190814","[1395807]"
"CBN-Pla-B6-20200723","[1395807]"
"CBN-Pla-B6-20200814","[1395807]"
"CBN-Pla-C1-20130808","[1395807, 1395870]"
"CBN-Pla-C1-20130904","[1395807, 1395870]"
"CBN-Pla-C1-20150702","[1395807, 1395870]"
"CBN-Pla-C1-20150723","[1395807, 1395870]"
"CBN-Pla-C1-20150811","[1395807, 1395870]"
"CBN-Pla-C1-20150901","[1395807, 1395870]"
"CBN-Pla-C1-20160707","[1395807, 1395870]"
"CBN-Pla-C1-20160728","[1395807, 1395870]"
"CBN-Pla-C1-20180816","[1395807, 1395870]"
"CBN-Pla-C1-20180906","[1395807, 1395870]"
"CBN-Pla-C1-20190723","[1395807, 1395870]"
"CBN-Pla-C1-20190814","[1395807, 1395870]"
"CBN-Pla-C1-20200723","[1395807, 1395870]"
"CBN-Pla-C1-20200814","[1395807, 1395870]"
"CBN-Pla-C2-20130808","[1395807, 1395870]"
"CBN-Pla-C2-20130904","[1395807, 1395870]"
"CBN-Pla-C2-20140722","[1395807, 1395870]"
"CBN-Pla-C2-20140902","[1395807, 1395870]"
"CBN-Pla-C2-20150702","[1395807, 1395870]"
"CBN-Pla-C2-20150723","[1395807, 1395870]"
"CBN-Pla-C2-20150811","[1395807, 1395870]"
"CBN-Pla-C2-20150901","[1395807, 1395870]"
"CBN-Pla-C2-20160707","[1395807, 1395870]"
"CBN-Pla-C2-20160728","[1395807, 1395870]"
"CBN-Pla-C2-20180724","[1395807, 1395870]"
"CBN-Pla-C2-20180816","[1395807, 1395870]"
"CBN-Pla-C2-20180906","[1395807, 1395870]"
"CBN-Pla-C2-20190723","[1395807, 1395870]"
"CBN-Pla-C2-20190814","[1395807, 1395870]"
"CBN-Pla-C2-20200723","[1395807, 1395870]"
"CBN-Pla-C2-20200814","[1395807, 1395870]"
"CBN-Pla-C3-20130808","[1395807]"
"CBN-Pla-C3-20130904","[1395807]"
"CBN-Pla-C3-20140722","[1395807]"
"CBN-Pla-C3-20140902","[1395807]"
"CBN-Pla-C3-20150702","[1395807]"
"CBN-Pla-C3-20150723","[1395807]"
"CBN-Pla-C3-20150811","[1395807]"
"CBN-Pla-C3-20150901","[1395807]"
"CBN-Pla-C3-20160707","[1395807]"
"CBN-Pla-C3-20160728","[1395807]"
"CBN-Pla-C3-20180724","[1395807]"
"CBN-Pla-C3-20180816","[1395807]"
"CBN-Pla-C3-20180906","[1395807]"
"CBN-Pla-C3-20190723","[1395807]"
"CBN-Pla-C3-20190814","[1395807]"
"CBN-Pla-C3-20200723","[1395807]"
"CBN-Pla-C3-20200814","[1395807]"
"CBN-Pla-C4-20130808","[1395807]"
"CBN-Pla-C4-20130904","[1395807]"
"CBN-Pla-C4-20140902","[1395807]"
"CBN-Pla-C4-20150702","[1395807]"
"CBN-Pla-C4-20150723","[1395807]"
"CBN-Pla-C4-20150811","[1395807]"
"CBN-Pla-C4-20150901","[1395807]"
"CBN-Pla-C4-20160707","[1395807]"
"CBN-Pla-C4-20160728","[1395807]"
"CBN-Pla-C4-20180724","[1395807]"
"CBN-Pla-C4-20180816","[1395807]"
"CBN-Pla-C4-20180906","[1395807]"
"CBN-Pla-C4-20190723","[1395807]"
"CBN-Pla-C4-20190814","[1395807]"
"CBN-Pla-C4-20200723","[1395807]"
"CBN-Pla-C4-20200814","[1395807]"
"CBN-Pla-C5-20130808","[1395807]"
"CBN-Pla-C5-20130904","[1395807]"
"CBN-Pla-C5-20140722","[1395807]"
"CBN-Pla-C5-20140902","[1395807]"
"CBN-Pla-C5-20150702","[1395807]"
"CBN-Pla-C5-20150723","[1395807]"
"CBN-Pla-C5-20150811","[1395807]"
"CBN-Pla-C5-20150901","[1395807]"
"CBN-Pla-C5-20160707","[1395807]"
"CBN-Pla-C5-20160728","[1395807]"
"CBN-Pla-C5-20180724","[1395807]"
"CBN-Pla-C5-20180816","[1395807]"
"CBN-Pla-C5-20180906","[1395807]"
"CBN-Pla-C5-20190723","[1395807]"
"CBN-Pla-C5-20190814","[1395807]"
"CBN-Pla-C5-20200723","[1395807]"
"CBN-Pla-C5-20200814","[1395807]"
"CBN-Pla-C6-20130808","[1395807]"
"CBN-Pla-C6-20130904","[1395807]"
"CBN-Pla-C6-20140902","[1395807]"
"CBN-Pla-C6-20150702","[1395807]"
"CBN-Pla-C6-20150723","[1395807]"
"CBN-Pla-C6-20150811","[1395807]"
"CBN-Pla-C6-20150901","[1395807]"
"CBN-Pla-C6-20160707","[1395807]"
"CBN-Pla-C6-20160728","[1395807]"
"CBN-Pla-C6-20180724","[1395807]"
"CBN-Pla-C6-20180816","[1395807]"
"CBN-Pla-C6-20180906","[1395807]"
"CBN-Pla-C6-20190723","[1395807]"
"CBN-Pla-C6-20190814","[1395807]"
"CBN-Pla-C6-20200723","[1395807]"
"CBN-Pla-C6-20200814","[1395807]"
"CBN-Pla-D1-20130808","[1395807]"
"CBN-Pla-D1-20130904","[1395807]"
"CBN-Pla-D1-20140722","[1395807]"
"CBN-Pla-D1-20140902","[1395807]"
"CBN-Pla-D1-20150702","[1395807]"
"CBN-Pla-D1-20150723","[1395807]"
"CBN-Pla-D1-20150811","[1395807]"
"CBN-Pla-D1-20150901","[1395807]"
"CBN-Pla-D1-20160707","[1395807]"
"CBN-Pla-D1-20160728","[1395807]"
"CBN-Pla-D1-20180724","[1395807]"
"CBN-Pla-D1-20180816","[1395807]"
"CBN-Pla-D1-20180906","[1395807]"
"CBN-Pla-D1-20190723","[1395807]"
"CBN-Pla-D1-20190814","[1395807]"
"CBN-Pla-D1-20200723","[1395807]"
"CBN-Pla-D1-20200814","[1395807]"
"CBN-Pla-D2-20130808","[1395807]"
"CBN-Pla-D2-20130904","[1395807]"
"CBN-Pla-D2-20140722","[1395807]"
"CBN-Pla-D2-20140902","[1395807]"
"CBN-Pla-D2-20150702","[1395807]"
"CBN-Pla-D2-20150723","[1395807]"
"CBN-Pla-D2-20150811","[1395807]"
"CBN-Pla-D2-20150901","[1395807]"
"CBN-Pla-D2-20160707","[1395807]"
"CBN-Pla-D2-20160728","[1395807]"
"CBN-Pla-D2-20180724","[1395807]"
"CBN-Pla-D2-20180816","[1395807]"
"CBN-Pla-D2-20180906","[1395807]"
"CBN-Pla-D2-20190723","[1395807]"
"CBN-Pla-D2-20190814","[1395807]"
"CBN-Pla-D2-20200723","[1395807]"
"CBN-Pla-D2-20200814","[1395807]"
"CBN-Pla-D3-20130808","[1395807, 1395870, 1395862]"
"CBN-Pla-D3-20130904","[1395807, 1395870, 1395862]"
"CBN-Pla-D3-20140722","[1395807, 1395870, 1395862]"
"CBN-Pla-D3-20140902","[1395807, 1395870, 1395862]"
"CBN-Pla-D3-20150702","[1395807, 1395870, 1395862]"
"CBN-Pla-D3-20150723","[1395807, 1395870, 1395862]"
"CBN-Pla-D3-20150811","[1395807, 1395870, 1395862]"
"CBN-Pla-D3-20150901","[1395807, 1395870, 1395862]"
"CBN-Pla-D3-20160707","[1395807, 1395870, 1395862]"
"CBN-Pla-D3-20160728","[1395807, 1395870, 1395862]"
"CBN-Pla-D3-20180724","[1395807, 1395870, 1395862]"
"CBN-Pla-D3-20180816","[1395807, 1395870, 1395862]"
"CBN-Pla-D3-20180906","[1395807, 1395870, 1395862]"
"CBN-Pla-D3-20190723","[1395807, 1395870, 1395862]"
"CBN-Pla-D3-20190814","[1395807, 1395870, 1395862]"
"CBN-Pla-D3-20200723","[1395807, 1395870, 1395862]"
"CBN-Pla-D3-20200814","[1395807, 1395870, 1395862]"
"CBN-Pla-D4-20130808","[1395807, 1395870]"
"CBN-Pla-D4-20130904","[1395807, 1395870]"
"CBN-Pla-D4-20140722","[1395807, 1395870]"
"CBN-Pla-D4-20140902","[1395807, 1395870]"
"CBN-Pla-D4-20150702","[1395807, 1395870]"
"CBN-Pla-D4-20150723","[1395807, 1395870]"
"CBN-Pla-D4-20150811","[1395807, 1395870]"
"CBN-Pla-D4-20150901","[1395807, 1395870]"
"CBN-Pla-D4-20160707","[1395807, 1395870]"
"CBN-Pla-D4-20160728","[1395807, 1395870]"
"CBN-Pla-D4-20180724","[1395807, 1395870]"
"CBN-Pla-D4-20180816","[1395807, 1395870]"
"CBN-Pla-D4-20180906","[1395807, 1395870]"
"CBN-Pla-D4-20190723","[1395807, 1395870]"
"CBN-Pla-D4-20190814","[1395807, 1395870]"
"CBN-Pla-D4-20200723","[1395807, 1395870]"
"CBN-Pla-D4-20200814","[1395807, 1395870]"
"CBN-Pla-D5-20130808","[1395807]"
"CBN-Pla-D5-20130904","[1395807]"
"CBN-Pla-D5-20140722","[1395807]"
"CBN-Pla-D5-20140902","[1395807]"
"CBN-Pla-D5-20150702","[1395807]"
"CBN-Pla-D5-20150723","[1395807]"
"CBN-Pla-D5-20150811","[1395807]"
"CBN-Pla-D5-20150901","[1395807]"
"CBN-Pla-D5-20160707","[1395807]"
"CBN-Pla-D5-20160728","[1395807]"
"CBN-Pla-D5-20180724","[1395807]"
"CBN-Pla-D5-20180816","[1395807]"
"CBN-Pla-D5-20180906","[1395807]"
"CBN-Pla-D5-20190723","[1395807]"
"CBN-Pla-D5-20190814","[1395807]"
"CBN-Pla-D5-20200723","[1395807]"
"CBN-Pla-D6-20130808","[1395807]"
"CBN-Pla-D6-20130904","[1395807]"
"CBN-Pla-D6-20140722","[1395807]"
"CBN-Pla-D6-20140902","[1395807]"
"CBN-Pla-D6-20150702","[1395807]"
"CBN-Pla-D6-20150723","[1395807]"
"CBN-Pla-D6-20150811","[1395807]"
"CBN-Pla-D6-20150901","[1395807]"
"CBN-Pla-D6-20160707","[1395807]"
"CBN-Pla-D6-20160728","[1395807]"
"CBN-Pla-D6-20180724","[1395807]"
"CBN-Pla-D6-20180816","[1395807]"
"CBN-Pla-D6-20180906","[1395807]"
"CBN-Pla-D6-20190723","[1395807]"
"CBN-Pla-D6-20190814","[1395807]"
"CBN-Pla-D6-20200723","[1395807]"
"CBN-Pla-D6-20200814","[1395807]"
"CBN-Pla-E1-20130808","[]"
"CBN-Pla-E1-20130904","[]"
"CBN-Pla-E1-20140722","[]"
"CBN-Pla-E1-20140902","[]"
"CBN-Pla-E1-20150702","[]"
"CBN-Pla-E1-20150723","[]"
"CBN-Pla-E1-20150901","[]"
"CBN-Pla-E1-20160707","[]"
"CBN-Pla-E1-20160728","[]"
"CBN-Pla-E1-20180816","[]"
"CBN-Pla-E1-20180906","[]"
"CBN-Pla-E1-20190723","[]"
"CBN-Pla-E1-20190814","[]"
"CBN-Pla-E1-20200630","[]"
"CBN-Pla-E1-20200723","[]"
"CBN-Pla-E1-20200814","[]"
"CBN-Pla-E2-20130808","[]"
"CBN-Pla-E2-20130904","[]"
"CBN-Pla-E2-20140722","[]"
"CBN-Pla-E2-20140902","[]"
"CBN-Pla-E2-20150702","[]"
"CBN-Pla-E2-20150723","[]"
"CBN-Pla-E2-20150901","[]"
"CBN-Pla-E2-20160707","[]"
"CBN-Pla-E2-20160728","[]"
"CBN-Pla-E2-20180724","[]"
"CBN-Pla-E2-20180816","[]"
"CBN-Pla-E2-20180906","[]"
"CBN-Pla-E2-20190723","[]"
"CBN-Pla-E2-20190814","[]"
"CBN-Pla-E2-20200630","[]"
"CBN-Pla-E2-20200723","[]"
"CBN-Pla-E2-20200814","[]"
"CBN-Pla-E3-20130808","[]"
"CBN-Pla-E3-20130904","[]"
"CBN-Pla-E3-20140722","[]"
"CBN-Pla-E3-20140902","[]"
"CBN-Pla-E3-20150702","[]"
"CBN-Pla-E3-20150723","[]"
"CBN-Pla-E3-20150811","[]"
"CBN-Pla-E3-20150901","[]"
"CBN-Pla-E3-20160707","[]"
"CBN-Pla-E3-20160728","[]"
"CBN-Pla-E3-20180724","[]"
"CBN-Pla-E3-20180816","[]"
"CBN-Pla-E3-20180906","[]"
"CBN-Pla-E3-20190723","[]"
"CBN-Pla-E3-20190814","[]"
"CBN-Pla-E3-20200630","[]"
"CBN-Pla-E3-20200723","[]"
"CBN-Pla-E3-20200814","[]"
"CBN-Pla-E4-20130808","[1395807]"
"CBN-Pla-E4-20130904","[1395807]"
"CBN-Pla-E4-20140722","[1395807]"
"CBN-Pla-E4-20140902","[1395807]"
"CBN-Pla-E4-20150702","[1395807]"
"CBN-Pla-E4-20150811","[1395807]"
"CBN-Pla-E4-20150901","[1395807]"
"CBN-Pla-E4-20160707","[1395807]"
"CBN-Pla-E4-20160728","[1395807]"
"CBN-Pla-E4-20180724","[1395807]"
"CBN-Pla-E4-20180816","[1395807]"
"CBN-Pla-E4-20180906","[1395807]"
"CBN-Pla-E4-20190723","[1395807]"
"CBN-Pla-E4-20190814","[1395807]"
"CBN-Pla-E4-20200630","[1395807]"
"CBN-Pla-E4-20200723","[1395807]"
"CBN-Pla-E4-20200814","[1395807]"
"CBN-Pla-E5-20130808","[1395807, 1395870]"
"CBN-Pla-E5-20130904","[1395807, 1395870]"
"CBN-Pla-E5-20140722","[1395807, 1395870]"
"CBN-Pla-E5-20140902","[1395807, 1395870]"
"CBN-Pla-E5-20150702","[1395807, 1395870]"
"CBN-Pla-E5-20150723","[1395807, 1395870]"
"CBN-Pla-E5-20150811","[1395807, 1395870]"
"CBN-Pla-E5-20150901","[1395807, 1395870]"
"CBN-Pla-E5-20160707","[1395807, 1395870]"
"CBN-Pla-E5-20160728","[1395807, 1395870]"
"CBN-Pla-E5-20180724","[1395807, 1395870]"
"CBN-Pla-E5-20180816","[1395807, 1395870]"
"CBN-Pla-E5-20180906","[1395807, 1395870]"
"CBN-Pla-E5-20190723","[1395807, 1395870]"
"CBN-Pla-E5-20190814","[1395807, 1395870]"
"CBN-Pla-E5-20200630","[1395807, 1395870]"
"CBN-Pla-E5-20200723","[1395807, 1395870]"
"CBN-Pla-E5-20200814","[1395807, 1395870]"
"CBN-Pla-E6-20130808","[1395807]"
"CBN-Pla-E6-20130904","[1395807]"
"CBN-Pla-E6-20140722","[1395807]"
"CBN-Pla-E6-20140902","[1395807]"
"CBN-Pla-E6-20150702","[1395807]"
"CBN-Pla-E6-20150723","[1395807]"
"CBN-Pla-E6-20150811","[1395807]"
"CBN-Pla-E6-20150901","[1395807]"
"CBN-Pla-E6-20160707","[1395807]"
"CBN-Pla-E6-20160728","[1395807]"
"CBN-Pla-E6-20180724","[1395807]"
"CBN-Pla-E6-20180816","[1395807]"
"CBN-Pla-E6-20180906","[1395807]"
"CBN-Pla-E6-20190723","[1395807]"
"CBN-Pla-E6-20190814","[1395807]"
"CBN-Pla-E6-20200723","[1395807]"
"CBN-Pla-E6-20200814","[1395807]"
"CBN-Pla-F1-20130808","[]"
"CBN-Pla-F1-20130904","[]"
"CBN-Pla-F1-20140722","[]"
"CBN-Pla-F1-20140902","[]"
"CBN-Pla-F1-20150702","[]"
"CBN-Pla-F1-20150723","[]"
"CBN-Pla-F1-20150901","[]"
"CBN-Pla-F1-20160707","[]"
"CBN-Pla-F1-20160728","[]"
"CBN-Pla-F1-20180724","[]"
"CBN-Pla-F1-20180816","[]"
"CBN-Pla-F1-20180906","[]"
"CBN-Pla-F1-20190723","[]"
"CBN-Pla-F1-20190814","[]"
"CBN-Pla-F1-20200630","[]"
"CBN-Pla-F1-20200723","[]"
"CBN-Pla-F1-20200814","[]"
"CBN-Pla-F2-20130808","[]"
"CBN-Pla-F2-20130904","[]"
"CBN-Pla-F2-20140722","[]"
"CBN-Pla-F2-20140902","[]"
"CBN-Pla-F2-20150702","[]"
"CBN-Pla-F2-20150723","[]"
"CBN-Pla-F2-20150901","[]"
"CBN-Pla-F2-20160707","[]"
"CBN-Pla-F2-20160728","[]"
"CBN-Pla-F2-20180724","[]"
"CBN-Pla-F2-20180816","[]"
"CBN-Pla-F2-20180906","[]"
"CBN-Pla-F2-20190723","[]"
"CBN-Pla-F2-20190814","[]"
"CBN-Pla-F2-20200630","[]"
"CBN-Pla-F2-20200723","[]"
"CBN-Pla-F2-20200814","[]"
"CBN-Pla-F3-20130808","[]"
"CBN-Pla-F3-20130904","[]"
"CBN-Pla-F3-20140722","[]"
"CBN-Pla-F3-20140902","[]"
"CBN-Pla-F3-20150702","[]"
"CBN-Pla-F3-20150723","[]"
"CBN-Pla-F3-20150811","[]"
"CBN-Pla-F3-20150901","[]"
"CBN-Pla-F3-20160707","[]"
"CBN-Pla-F3-20160728","[]"
"CBN-Pla-F3-20180724","[]"
"CBN-Pla-F3-20180816","[]"
"CBN-Pla-F3-20180906","[]"
"CBN-Pla-F3-20190723","[]"
"CBN-Pla-F3-20190814","[]"
"CBN-Pla-F3-20200630","[]"
"CBN-Pla-F3-20200723","[]"
"CBN-Pla-F3-20200814","[]"
"CBN-Pla-F4-20130808","[1395807]"
"CBN-Pla-F4-20130904","[1395807]"
"CBN-Pla-F4-20140722","[1395807]"
"CBN-Pla-F4-20150723","[1395807]"
"CBN-Pla-F4-20150811","[1395807]"
"CBN-Pla-F4-20150901","[1395807]"
"CBN-Pla-F4-20160707","[1395807]"
"CBN-Pla-F4-20160728","[1395807]"
"CBN-Pla-F4-20180724","[1395807]"
"CBN-Pla-F4-20180816","[1395807]"
"CBN-Pla-F4-20180906","[1395807]"
"CBN-Pla-F4-20190723","[1395807]"
"CBN-Pla-F4-20190814","[1395807]"
"CBN-Pla-F4-20200630","[1395807]"
"CBN-Pla-F4-20200723","[1395807]"
"CBN-Pla-F4-20200814","[1395807]"
"CBN-Pla-F5-20130808","[1395807]"
"CBN-Pla-F5-20130904","[1395807]"
"CBN-Pla-F5-20140722","[1395807]"
"CBN-Pla-F5-20140902","[1395807]"
"CBN-Pla-F5-20150702","[1395807]"
"CBN-Pla-F5-20150723","[1395807]"
"CBN-Pla-F5-20150811","[1395807]"
"CBN-Pla-F5-20150901","[1395807]"
"CBN-Pla-F5-20160707","[1395807]"
"CBN-Pla-F5-20160728","[1395807]"
"CBN-Pla-F5-20180724","[1395807]"
"CBN-Pla-F5-20180816","[1395807]"
"CBN-Pla-F5-20180906","[1395807]"
"CBN-Pla-F5-20190723","[1395807]"
"CBN-Pla-F5-20190814","[1395807]"
"CBN-Pla-F5-20200723","[1395807]"
"CBN-Pla-F5-20200814","[1395807]"
"CBN-Pla-F6-20130808","[1395807]"
"CBN-Pla-F6-20130904","[1395807]"
"CBN-Pla-F6-20140722","[1395807]"
"CBN-Pla-F6-20140902","[1395807]"
"CBN-Pla-F6-20150702","[1395807]"
"CBN-Pla-F6-20150723","[1395807]"
"CBN-Pla-F6-20150811","[1395807]"
"CBN-Pla-F6-20150901","[1395807]"
"CBN-Pla-F6-20160707","[1395807]"
"CBN-Pla-F6-20160728","[1395807]"
"CBN-Pla-F6-20180724","[1395807]"
"CBN-Pla-F6-20180816","[1395807]"
"CBN-Pla-F6-20180906","[1395807]"
"CBN-Pla-F6-20190723","[1395807]"
"CBN-Pla-F6-20190814","[1395807]"
"CBN-Pla-F6-20200723","[1395807]"
"CBN-Pla-F6-20200814","[1395807]"
"CBN-Pyr-01-20230706","[]"
"CBN-Pyr-03-20230706","[]"
"CBN-can-A1-20230705","[1395807, 1392608]"
"CBN-can-A2-20230705","[1395807]"
"CBN-can-A3-20230705","[1395807, 1392608]"
"CBN-can-A5-20230705","[1395807, 1397475]"
"CBN-can-A6-20230705","[1397475]"
"CBN-can-B1-20230705","[1395807, 1392608]"
"CBN-can-B2-20230705","[1395807, 1392608]"
"CBN-can-B3-20230705","[1395807, 1393200]"
"CBN-can-B4-20230705","[1397475, 1393200]"
"CBN-can-B5-20230705","[1395807, 1397475]"
"CBN-can-B6-20230705","[1395807, 1397475]"
"CBN-can-C1-20230705","[1395807]"
"CBN-can-C2-20230705","[1395807, 1393200]"
"CBN-can-C3-20230705","[1395807, 1392608]"
"CBN-can-C4-20230705","[1395807, 1392608]"
"CBN-can-D1-20230705","[1395807, 1392608]"
"CBN-can-D2-20230705","[1395807]"
"CBN-can-D3-20230705","[1395807]"
"CBN-can-D4-20230705","[1395807, 1392608]"
"CBN-can-E1-20230706","[1395807, 1392608]"
"CBN-can-E2-20230706","[1395807]"
"CBN-can-E3-20230706","[1395807]"
"CBN-can-E4-20230706","[1395807]"
"CBN-can-E5-20230706","[1392608, 1395807, 1393200]"
"CBN-can-E6-20230706","[1395807]"
"CBN-can-F1-20230705","[1395807, 1392608]"
"CBN-can-F2-20230706","[1395807]"
"CBN-can-F3-20230706","[1395807, 1392608]"
"CBN-can-F4-20230706","[1392608, 1395807]"
"CBN-can-F5-20230706","[1395807, 1392608]"
"GUARDEN-AMB-CF04-1-10-20240325","[1359344]"
"GUARDEN-AMB-CF04-1-5-20240325","[1359344]"
"GUARDEN-AMB-CF21-1-1-20240326","[1359344]"
"GUARDEN-AMB-CF21-1-10-20240326","[1359344]"
"GUARDEN-AMB-CF21-1-2-20240326","[1359344]"
"GUARDEN-AMB-CF21-1-3-20240326","[1359344]"
"GUARDEN-AMB-CF21-1-4-20240326","[1359344]"
"GUARDEN-AMB-CF21-1-5-20240326","[1359344]"
"GUARDEN-AMB-CF21-1-6-20240326","[1359344]"
"GUARDEN-AMB-CF21-1-7-20240326","[1359344]"
"GUARDEN-AMB-CF21-1-8-20240326","[1359344]"
"GUARDEN-AMB-CF21-1-9-20240326","[1359344]"
"GUARDEN-AMB-GV04-1-3-20240326","[1359297]"
"GUARDEN-AMB-GV04-1-4-20240326","[1359297]"
"GUARDEN-AMB-GV04-1-5-20240326","[1359297]"
"GUARDEN-AMB-GV04-1-6-20240326","[1359297]"
"GUARDEN-AMB-GV04-1-7-20240326","[1359297]"
"GUARDEN-AMB-PR13-1-10-20240417","[1359297, 1359344]"
"GUARDEN-AMB-PR13-1-2-20240417","[1359297, 1359344]"
"GUARDEN-AMB-PR13-1-3-20240417","[1359297, 1359344]"
"GUARDEN-AMB-PR13-1-4-20240417","[1359297, 1359344]"
"GUARDEN-AMB-PR13-1-8-20240417","[1359297, 1359344]"
"GUARDEN-AMB-PR20-1-1-20240424","[1359297, 1722441, 1359344]"
"GUARDEN-AMB-PR20-1-10-20240424","[1359297, 1722441, 1359344]"
"GUARDEN-AMB-PR20-1-8-20240424","[1359297, 1722441, 1359344]"
"GUARDEN-AMB-SA03-1-1-20240626","[1359344, 1359297, 1722441]"
"GUARDEN-AMB-SA03-1-10-20240626","[1359344, 1359297, 1722441]"
"GUARDEN-AMB-SA03-1-2-20240626","[1359344, 1359297, 1722441]"
"GUARDEN-AMB-SA03-1-3-20240626","[1359344, 1359297, 1722441]"
"GUARDEN-AMB-SA03-1-4-20240626","[1359344, 1359297, 1722441]"
"GUARDEN-AMB-SA03-1-5-20240626","[1359344, 1359297, 1722441]"
"GUARDEN-AMB-SA03-1-9-20240626","[1359344, 1359297, 1722441]"
"GUARDEN-AMB-VC03-1-3-20240417","[1359344, 1359297]"
"GUARDEN-AMB-VC03-1-4-20240417","[1359344, 1359297]"
"GUARDEN-AMB-VC03-1-5-20240417","[1359344, 1359297]"
"GUARDEN-AMB-VC03-1-6-20240417","[1359344, 1359297]"
"GUARDEN-CBNMed-10-1-16-34-20240429","[1358613]"
"GUARDEN-CBNMed-10-10-17-19-20240429","[1358613]"
"GUARDEN-CBNMed-10-5-16-55-20240429","[1358613]"
"GUARDEN-CBNMed-10-6-17-02-20240429","[1358613]"
"GUARDEN-CBNMed-10-7-17-05-20240429","[1358613]"
"GUARDEN-CBNMed-10-8-17-11-20240429","[1358613]"
"GUARDEN-CBNMed-10-9-17-16-20240429","[1358613]"
"GUARDEN-CBNMed-14-3-9-45-20240429","[]"
"GUARDEN-CBNMed-14-4-9-49-20240429","[]"
"GUARDEN-CBNMed-14-9-10-09-20240429","[]"
"GUARDEN-CBNMed-15-10-12-17-20240429","[]"
"GUARDEN-CBNMed-15-5-11-44-20240429","[]"
"GUARDEN-CBNMed-15-7-12-02-20240429","[]"
"GUARDEN-CBNMed-15-9-12-15-20240429","[]"
"GUARDEN-CBNMed-16-1-13-37-20240429","[]"
"GUARDEN-CBNMed-16-10-14-33-20240429","[]"
"GUARDEN-CBNMed-16-2-13-45-20240429","[]"
"GUARDEN-CBNMed-16-3-13-51-20240429","[]"
"GUARDEN-CBNMed-16-4-13-57-20240429","[]"
"GUARDEN-CBNMed-16-6-14-07-20240429","[]"
"GUARDEN-CBNMed-16-7-14-1-20240429","[]"
"GUARDEN-CBNMed-16-8-14-14-20240429","[]"
"GUARDEN-CBNMed-17-3-10-56-20240429","[]"
"GUARDEN-CBNMed-17-5-11-2-20240429","[]"
"GUARDEN-CBNMed-19-1-15-24-20240429","[]"
"GUARDEN-CBNMed-19-10-16-02-20240429","[]"
"GUARDEN-CBNMed-19-2-15-31-20240429","[]"
"GUARDEN-CBNMed-19-3-15-35-20240429","[]"
"GUARDEN-CBNMed-19-4-15-39-20240429","[]"
"GUARDEN-CBNMed-19-5-15-44-20240429","[]"
"GUARDEN-CBNMed-19-6-15-48-20240429","[]"
"GUARDEN-CBNMed-19-7-15-51-20240429","[]"
"GUARDEN-CBNMed-19-8-15-53-20240429","[]"
"GUARDEN-CBNMed-19-9-15-58-20240429","[]"
"GUARDEN-CBNMed-20-1-9-35-20240428","[]"
"GUARDEN-CBNMed-20-10-10-31-20240428","[]"
"GUARDEN-CBNMed-20-8-10-19-20240428","[]"
"GUARDEN-CBNMed-20-9-10-23-20240428","[]"
"GUARDEN-CBNMed-21-10-11-42-20240428","[]"
"GUARDEN-CBNMed-21-2-11-07-20240428","[]"
"GUARDEN-CBNMed-21-3-11-09-20240428","[]"
"GUARDEN-CBNMed-21-6-11-17-20240428","[]"
"GUARDEN-CBNMed-21-8-11-23-20240428","[]"
"GUARDEN-CBNMed-21-9-11-32-20240428","[]"
"GUARDEN-CBNMed-22-1-13-39-20240428","[1722522]"
"GUARDEN-CBNMed-22-10-14-48-20240428","[1722522]"
"GUARDEN-CBNMed-22-2-14-05-20240428","[1722522]"
"GUARDEN-CBNMed-22-5-14-21-20240428","[1722522]"
"GUARDEN-CBNMed-22-6-14-23-20240428","[1722522]"
"GUARDEN-CBNMed-22-7-14-25-20240428","[1722522]"
"GUARDEN-CBNMed-22-9-14-42-20240428","[1722522]"
"GUARDEN-CBNMed-23-1-9-56-20240428","[]"
"GUARDEN-CBNMed-23-10-10-42-20240428","[]"
"GUARDEN-CBNMed-23-3-10-14-20240428","[]"
"GUARDEN-CBNMed-23-4-10-17-20240428","[]"
"GUARDEN-CBNMed-23-5-10-21-20240428","[]"
"GUARDEN-CBNMed-23-6-10-24-20240428","[]"
"GUARDEN-CBNMed-23-7-10-28-20240428","[]"
"GUARDEN-CBNMed-23-8-10-34-20240428","[]"
"GUARDEN-CBNMed-23-9-10-39-20240428","[]"
"GUARDEN-CBNMed-24-10-13-06-20240428","[]"
"GUARDEN-CBNMed-24-2-12-04-20240428","[]"
"GUARDEN-CBNMed-24-3-12-15-20240428","[]"
"GUARDEN-CBNMed-24-5-12-36-20240428","[]"
"GUARDEN-CBNMed-24-6-12-46-20240428","[]"
"GUARDEN-CBNMed-24-7-12-54-20240428","[]"
"GUARDEN-CBNMed-24-8-14-58-20240428","[]"
"GUARDEN-CBNMed-24-9-13-02-20240428","[]"
"GUARDEN-CBNMed-25-1-13-52-20240428","[]"
"GUARDEN-CBNMed-25-10-14-49-20240428","[]"
"GUARDEN-CBNMed-25-2-13-57-20240428","[]"
"GUARDEN-CBNMed-25-3-14-06-20240428","[]"
"GUARDEN-CBNMed-25-4-14-15-20240428","[]"
"GUARDEN-CBNMed-25-7-14-28-20240428","[]"
"GUARDEN-CBNMed-25-8-14-39-20240428","[]"
"GUARDEN-CBNMed-25-9-14-43-20240428","[]"
"GUARDEN-CBNMed-26-10-10-01-20240428","[1359344, 1359297]"
"GUARDEN-CBNMed-26-6-9-34-20240428","[1359344, 1359297]"
"GUARDEN-CBNMed-26-8-9-45-20240428","[1359344, 1359297]"
"GUARDEN-CBNMed-26-9-9-48-20240428","[1359344, 1359297]"
"GUARDEN-CBNMed-27-1-11-17-20240428","[1722522]"
"GUARDEN-CBNMed-27-10-11-55-20240428","[1722522]"
"GUARDEN-CBNMed-27-2-11-32-20240428","[1722522]"
"GUARDEN-CBNMed-27-3-11-36-20240428","[1722522]"
"GUARDEN-CBNMed-27-4-11-39-20240428","[1722522]"
"GUARDEN-CBNMed-27-5-11-4-20240428","[1722522]"
"GUARDEN-CBNMed-27-6-11-42-20240428","[1722522]"
"GUARDEN-CBNMed-27-7-11-43-20240428","[1722522]"
"GUARDEN-CBNMed-27-8-11-45-20240428","[1722522]"
"GUARDEN-CBNMed-27-9-11-47-20240428","[1722522]"
"GUARDEN-CBNMed-28-1-12-46-20240428","[1722522]"
"GUARDEN-CBNMed-28-10-13-23-20240428","[1722522]"
"GUARDEN-CBNMed-28-2-12-48-20240428","[1722522]"
"GUARDEN-CBNMed-28-3-12-51-20240428","[1722522]"
"GUARDEN-CBNMed-28-4-12-52-20240428","[1722522]"
"GUARDEN-CBNMed-28-5-13-02-20240428","[1722522]"
"GUARDEN-CBNMed-28-6-13-06-20240428","[1722522]"
"GUARDEN-CBNMed-28-7-13-11-20240428","[1722522]"
"GUARDEN-CBNMed-28-8-13-14-20240428","[1722522]"
"GUARDEN-CBNMed-28-9-13-17-20240428","[1722522]"
"GUARDEN-CBNMed-29-6-14-31-20240428","[1359344]"
"GUARDEN-CBNMed-29-7-14-34-20240428","[1359344]"
"GUARDEN-CBNMed-30-1-16-07-20240428","[1359344]"
"GUARDEN-CBNMed-30-10-16-41-20240428","[1359344]"
"GUARDEN-CBNMed-30-2-16-23-20240428","[1359344]"
"GUARDEN-CBNMed-30-4-16-3-20240428","[1359344]"
"GUARDEN-CBNMed-30-6-16-34-20240428","[1359344]"
"GUARDEN-CBNMed-30-7-16-35-20240428","[1359344]"
"GUARDEN-CBNMed-30-8-16-37-20240428","[1359344]"
"GUARDEN-CBNMed-30-9-16-4-20240428","[1359344]"
"GUARDEN-CBNMed-31-1-9-37-20240428","[1359297]"
"GUARDEN-CBNMed-31-10-10-06-20240428","[1359297]"
"GUARDEN-CBNMed-31-2-9-4-20240428","[1359297]"
"GUARDEN-CBNMed-31-3-9-44-20240428","[1359297]"
"GUARDEN-CBNMed-31-4-9-48-20240428","[1359297]"
"GUARDEN-CBNMed-31-5-9-51-20240428","[1359297]"
"GUARDEN-CBNMed-31-6-9-54-20240428","[1359297]"
"GUARDEN-CBNMed-31-7-9-56-20240428","[1359297]"
"GUARDEN-CBNMed-31-8-10-20240428","[1359297]"
"GUARDEN-CBNMed-31-9-10-02-20240428","[1359297]"
"GUARDEN-CBNMed-32-1-11-46-20240428","[]"
"GUARDEN-CBNMed-32-10-13-12-20240428","[]"
"GUARDEN-CBNMed-32-2-11-58-20240428","[]"
"GUARDEN-CBNMed-32-3-12-01-20240428","[]"
"GUARDEN-CBNMed-32-4-12-12-20240428","[]"
"GUARDEN-CBNMed-32-9-13-07-20240428","[]"
"GUARDEN-CBNMed-33-1-14-48-20240428","[]"
"GUARDEN-CBNMed-33-10-15-59-20240428","[]"
"GUARDEN-CBNMed-33-2-15-01-20240428","[]"
"GUARDEN-CBNMed-33-3-15-04-20240428","[]"
"GUARDEN-CBNMed-33-4-15-26-20240428","[]"
"GUARDEN-CBNMed-33-5-15-29-20240428","[]"
"GUARDEN-CBNMed-33-6-15-36-20240428","[]"
"GUARDEN-CBNMed-33-7-15-43-20240428","[]"
"GUARDEN-CBNMed-33-8-15-5-20240428","[]"
"GUARDEN-CBNMed-33-9-15-56-20240428","[]"
"GUARDEN-CBNMed-38-1-12-58-20240428","[]"
"GUARDEN-CBNMed-38-4-14-39-20240428","[]"
"GUARDEN-CBNMed-38-6-15-04-20240428","[]"
"GUARDEN-CBNMed-39-10-12-02-20240531","[]"
"GUARDEN-CBNMed-39-7-11-3-20240531","[]"
"GUARDEN-CBNMed-39-8-11-39-20240531","[]"
"GUARDEN-CBNMed-39-9-11-5-20240531","[]"
"GUARDEN-CBNMed-44-7-12-03-20240629","[]"
"GUARDEN-CBNMed-5-1-12-38-20240430","[]"
"GUARDEN-CBNMed-5-10-13-32-20240430","[]"
"GUARDEN-CBNMed-5-2-12-45-20240430","[]"
"GUARDEN-CBNMed-5-3-12-56-20240430","[]"
"GUARDEN-CBNMed-5-4-13-20240430","[]"
"GUARDEN-CBNMed-5-5-13-04-20240430","[]"
"GUARDEN-CBNMed-5-6-13-07-20240430","[]"
"GUARDEN-CBNMed-5-7-13-17-20240430","[]"
"GUARDEN-CBNMed-5-8-13-22-20240430","[]"
"GUARDEN-CBNMed-5-9-13-27-20240430","[]"
"GUARDEN-CBNMed-6-9-15-28-20240430","[]"
"GUARDEN-CBNMed-8-10-12-59-20240429","[]"
"GUARDEN-CBNMed-8-4-12-33-20240429","[]"
"GUARDEN-CBNMed-8-8-12-51-20240429","[]"
"GUARDEN-CBNMed-8-9-12-56-20240429","[]"
"GUARDEN-CBNMed-9-10-16-16-20240429","[]"
"GUARDEN-CBNMed-9-2-15-46-20240429","[]"
"GUARDEN-CBNMed-9-6-16-04-20240429","[]"
"GUARDEN-CBNMed-9-7-16-06-20240429","[]"
"GUARDEN-CBNMed-9-8-16-08-20240429","[]"
"GUARDEN-CBNMed-9-9-16-14-20240429","[]"
"LISAH-BOU-0-10-20230523","[]"
"LISAH-BOU-0-101-20240425","[]"
"LISAH-BOU-0-104-20240502","[1356276]"
"LISAH-BOU-0-105-20240502","[1356276]"
"LISAH-BOU-0-108-20240502","[]"
"LISAH-BOU-0-109-20240502","[]"
"LISAH-BOU-0-110-20240502","[]"
"LISAH-BOU-0-111-20240502","[]"
"LISAH-BOU-0-113-20240502","[]"
"LISAH-BOU-0-114-20240502","[]"
"LISAH-BOU-0-117-20240502","[]"
"LISAH-BOU-0-118-20240502","[]"
"LISAH-BOU-0-14-20230511","[]"
"LISAH-BOU-0-15-20230511","[]"
"LISAH-BOU-0-153-20240502","[]"
"LISAH-BOU-0-154-20240502","[]"
"LISAH-BOU-0-157-20240502","[]"
"LISAH-BOU-0-16-20230511","[]"
"LISAH-BOU-0-160-20240502","[]"
"LISAH-BOU-0-163-20240502","[]"
"LISAH-BOU-0-164-20240502","[]"
"LISAH-BOU-0-165-20240502","[]"
"LISAH-BOU-0-167-20240502","[]"
"LISAH-BOU-0-168-20240502","[]"
"LISAH-BOU-0-170-20240502","[]"
"LISAH-BOU-0-171-20240502","[]"
"LISAH-BOU-0-172-20240502","[]"
"LISAH-BOU-0-173-20240502","[]"
"LISAH-BOU-0-174-20240502","[]"
"LISAH-BOU-0-175-20240502","[]"
"LISAH-BOU-0-183-20240502","[]"
"LISAH-BOU-0-187-20240502","[]"
"LISAH-BOU-0-191-20240502","[]"
"LISAH-BOU-0-2-20240425","[]"
"LISAH-BOU-0-24-20230512","[]"
"LISAH-BOU-0-24-20240425","[]"
"LISAH-BOU-0-25-20230512","[]"
"LISAH-BOU-0-25-20230711","[]"
"LISAH-BOU-0-28-20240425","[]"
"LISAH-BOU-0-29-20230523","[]"
"LISAH-BOU-0-29-20230621","[]"
"LISAH-BOU-0-29-20240425","[]"
"LISAH-BOU-0-3-20230721","[]"
"LISAH-BOU-0-30-20230512","[]"
"LISAH-BOU-0-30-20240425","[]"
"LISAH-BOU-0-31-20230919","[]"
"LISAH-BOU-0-31-20240425","[]"
"LISAH-BOU-0-32-20230516","[]"
"LISAH-BOU-0-32-20240425","[]"
"LISAH-BOU-0-34-20230516","[]"
"LISAH-BOU-0-35-20240425","[]"
"LISAH-BOU-0-36-20240425","[]"
"LISAH-BOU-0-37-20230512","[]"
"LISAH-BOU-0-37-20240425","[]"
"LISAH-BOU-0-38-20230516","[]"
"LISAH-BOU-0-39-20230512","[]"
"LISAH-BOU-0-4-20230511","[]"
"LISAH-BOU-0-4-20230711","[]"
"LISAH-BOU-0-4-20240425","[]"
"LISAH-BOU-0-40-20230512","[]"
"LISAH-BOU-0-40-20240425","[]"
"LISAH-BOU-0-41-20230512","[]"
"LISAH-BOU-0-42-20230511","[]"
"LISAH-BOU-0-43-20230512","[]"
"LISAH-BOU-0-44-20240425","[]"
"LISAH-BOU-0-5-20230512","[1356276]"
"LISAH-BOU-0-5-20230711","[1356276]"
"LISAH-BOU-0-50-20230512","[]"
"LISAH-BOU-0-52-20230512","[]"
"LISAH-BOU-0-54-20230512","[]"
"LISAH-BOU-0-55-20230512","[]"
"LISAH-BOU-0-56-20230512","[]"
"LISAH-BOU-0-58-20230512","[]"
"LISAH-BOU-0-6-20240425","[]"
"LISAH-BOU-0-63-20230512","[]"
"LISAH-BOU-0-65-20230512","[]"
"LISAH-BOU-0-75-20230516","[]"
"LISAH-BOU-0-79-20230512","[]"
"LISAH-BOU-0-8-20240425","[]"
"LISAH-BOU-0-84-20230512","[]"
"LISAH-BOU-0-9-20240425","[1722441]"
"LISAH-BOU-0-98-20240425","[]"
"LISAH-BVD-0-100-20230510","[]"
"LISAH-BVD-0-101-20230510","[]"
"LISAH-BVD-0-152-20230511","[]"
"LISAH-BVD-0-155-20230511","[]"
"LISAH-BVD-0-158-20230511","[]"
"LISAH-BVD-0-191-20230511","[]"
"LISAH-BVD-0-192-20230511","[]"
"LISAH-BVD-0-195-20230511","[]"
"LISAH-BVD-0-196-20230511","[]"
"LISAH-BVD-0-197-20230511","[]"
"LISAH-BVD-0-200-20230511","[]"
"LISAH-BVD-0-203-20230511","[]"
"LISAH-BVD-0-205-20230511","[]"
"LISAH-BVD-0-206-20230511","[]"
"LISAH-BVD-0-208-20230511","[]"
"LISAH-BVD-0-209-20230511","[]"
"LISAH-BVD-0-25-20230510","[]"
"LISAH-BVD-0-275-20230516","[]"
"LISAH-BVD-0-277-20230516","[]"
"LISAH-BVD-0-278-20230516","[]"
"LISAH-BVD-0-281-20230516","[]"
"LISAH-BVD-0-282-20230516","[]"
"LISAH-BVD-0-283-20230516","[]"
"LISAH-BVD-0-285-20230516","[]"
"LISAH-BVD-0-287-20230516","[]"
"LISAH-BVD-0-288-20230516","[]"
"LISAH-BVD-0-292-20230516","[]"
"LISAH-BVD-0-293-20230516","[]"
"LISAH-BVD-0-294-20230516","[]"
"LISAH-BVD-0-295-20230516","[]"
"LISAH-BVD-0-296-20230516","[]"
"LISAH-BVD-0-297-20230516","[]"
"LISAH-BVD-0-298-20230516","[]"
"LISAH-BVD-0-299-20230516","[]"
"LISAH-BVD-0-300-20230516","[]"
"LISAH-BVD-0-301-20230516","[]"
"LISAH-BVD-0-302-20230516","[]"
"LISAH-BVD-0-309-20230516","[]"
"LISAH-BVD-0-310-20230516","[]"
"LISAH-BVD-0-337-20230516","[]"
"LISAH-BVD-0-338-20230516","[]"
"LISAH-BVD-0-339-20230516","[]"
"LISAH-BVD-0-341-20230516","[]"
"LISAH-BVD-0-342-20230516","[]"
"LISAH-BVD-0-343-20230516","[]"
"LISAH-BVD-0-344-20230516","[]"
"LISAH-BVD-0-345-20230516","[]"
"LISAH-BVD-0-346-20230516","[]"
"LISAH-BVD-0-347-20230516","[]"
"LISAH-BVD-0-348-20230516","[]"
"LISAH-BVD-0-349-20230516","[]"
"LISAH-BVD-0-35-20230510","[]"
"LISAH-BVD-0-350-20230516","[]"
"LISAH-BVD-0-351-20230516","[]"
"LISAH-BVD-0-352-20230516","[]"
"LISAH-BVD-0-353-20230516","[]"
"LISAH-BVD-0-354-20230516","[]"
"LISAH-BVD-0-364-20230516","[]"
"LISAH-BVD-0-372-20230516","[]"
"LISAH-BVD-0-379-20230516","[]"
"LISAH-BVD-0-380-20230516","[]"
"LISAH-BVD-0-383-20230516","[]"
"LISAH-BVD-0-392-20230516","[]"
"LISAH-BVD-0-397-20230517","[]"
"LISAH-BVD-0-398-20230517","[]"
"LISAH-BVD-0-412-20230517","[]"
"LISAH-BVD-0-417-20230517","[]"
"LISAH-BVD-0-428-20230517","[]"
"LISAH-BVD-0-430-20230517","[]"
"LISAH-BVD-0-431-20230517","[]"
"LISAH-BVD-0-432-20230517","[]"
"LISAH-BVD-0-463-20230517","[]"
"LISAH-BVD-0-465-20230517","[]"
"LISAH-BVD-0-471-20230517","[]"
"LISAH-BVD-0-54-20230510","[]"
"LISAH-BVD-0-99-20230510","[]"
"LISAH-JAS-0-1-20220505","[]"
"LISAH-JAS-0-11-20220505","[]"
"LISAH-JAS-0-12-20220505","[]"
"LISAH-JAS-0-13-20220505","[]"
"LISAH-JAS-0-15-20220505","[]"
"LISAH-JAS-0-16-20220505","[]"
"LISAH-JAS-0-17-20220505","[]"
"LISAH-JAS-0-2-20220505","[]"
"LISAH-JAS-0-6-20220505","[]"
"LISAH-JAS-0-7-20220505","[]"
"LISAH-JAS-0-9-20220505","[]"
"LISAH-JAS-1-25-20220505","[]"
"LISAH-JAS-1-27-20220505","[]"
"LISAH-JAS-1-28-20220505","[]"
"LISAH-JAS-1-5-20220505","[]"
"LISAH-PEC-0-0-20220608","[]"
"LISAH-PEC-0-1-20230411","[]"
"LISAH-PEC-0-10-20230405","[]"
"LISAH-PEC-0-11-20230405","[]"
"LISAH-PEC-0-11-20230411","[]"
"LISAH-PEC-0-12-20230411","[]"
"LISAH-PEC-0-13-20230411","[]"
"LISAH-PEC-0-13-20230413","[]"
"LISAH-PEC-0-14-20230407","[]"
"LISAH-PEC-0-15-20230407","[]"
"LISAH-PEC-0-17-20230413","[]"
"LISAH-PEC-0-18-20230411","[]"
"LISAH-PEC-0-19-20230413","[]"
"LISAH-PEC-0-20-20230411","[]"
"LISAH-PEC-0-4-20230407","[]"
"LISAH-PEC-0-4-20230411","[]"
"LISAH-PEC-0-6-20220608","[]"
"LISAH-PEC-0-6-20230411","[]"
"LISAH-PEC-0-8-20230405","[]"
"LISAH-PEC-0-9-20230411","[]"
"LISAH-PEC-0-9-20230413","[]"
"LISAH-PEC-1-13-20230405","[]"
"LISAH-PEC-1-18-20230407","[]"
"LISAH-PEC-2-0-20220609","[]"
"LISAH-PEC-2-11-20220609","[]"
"LISAH-PEC-2-17-20230407","[]"
"LISAH-PEC-2-2-20220609","[]"
"LISAH-PEC-2-20-20230407","[]"
"LISAH-PEC-2-4-20220609","[]"
"LISAH-PEC-2-5-20220609","[]"
"LISAH-PEC-2-5-20230407","[]"
"LISAH-PEC-2-6-20220609","[]"
"LISAH-PEC-3-10-20230407","[]"
"LISAH-PEC-3-16-20230407","[]"
"LISAH-PEC-3-20-20230407","[]"
"OPTMix-0108-P1-312-20231006","[1356404]"
"OPTMix-0108-P1-422-20231006","[1356404]"
"OPTMix-0108-P1-427-20231006","[1356404]"
"OPTMix-0108-P1-533-20231006","[1356404]"
"OPTMix-0108-P1-95-20231006","[1356404]"
"OPTMix-012-P1-143-20231201","[]"
"OPTMix-012-P1-208-20231201","[]"
"OPTMix-012-P2-192-20231201","[]"
"OPTMix-012-P2-207-20231201","[]"
"OPTMix-012-P2-240-20231201","[]"
"OPTMix-012-P3-190-20231201","[]"
"OPTMix-012-P3-218-20231201","[]"
"OPTMix-012-P3-220-20231201","[]"
"OPTMix-0178-P1-1060-20231006","[1356404]"
"OPTMix-0178-P1-1061-20231006","[1356404]"
"OPTMix-0178-P1-552-20231006","[1356404]"
"OPTMix-0178-P1-661-20231006","[1356404]"
"OPTMix-0178-P1-663-20231006","[1356404]"
"OPTMix-0178-P1-669-20231006","[1356404]"
"OPTMix-0200-11006-20231009","[]"
"OPTMix-0200-P2-53-20231009","[]"
"OPTMix-0200-P2-54-20231009","[]"
"OPTMix-0200-P2-68-20231009","[]"
"OPTMix-0200-P3-108-20231009","[]"
"OPTMix-0200-P3-127-20231009","[]"
"OPTMix-0200-P3-139-20231009","[]"
"OPTMix-0214-P1-207-20231010","[]"
"OPTMix-0214-P1-208-20231010","[]"
"OPTMix-0214-P1-235-20231010","[]"
"OPTMix-0214-P2-22-20231010","[]"
"OPTMix-0214-P2-64-20231010","[]"
"OPTMix-0214-P2-84-20231010","[]"
"OPTMix-0214-P3-186-20231010","[]"
"OPTMix-0214-P3-196-20231010","[]"
"OPTMix-0214-P3-278-20231010","[]"
"OPTMix-0216-P4-208-20231009","[1356404]"
"OPTMix-0255-11233-20231009","[]"
"OPTMix-0255-11372-20231009","[]"
"OPTMix-0255-11382-20231009","[]"
"OPTMix-033-P3-107-20231201","[1356404]"
"OPTMix-0333-P1-107-20231212","[1356404]"
"OPTMix-0333-P1-112-20231212","[1356404]"
"OPTMix-0333-P2-108-20231212","[1356404]"
"OPTMix-0333-P2-112-20231212","[1356404]"
"OPTMix-0333-P2-115-20231212","[1356404]"
"OPTMix-0333-P3-100-20231201","[1356404]"
"OPTMix-0333-P3-76-20231201","[1356404]"
"OPTMix-057-P1-1699-20231010","[1356404]"
"OPTMix-057-P1-1901-20231010","[1356404]"
"OPTMix-057-P1-1902-20231010","[1356404]"
"OPTMix-057-P1-1913-20231010","[1356404]"
"OPTMix-057-P1-1917-20231010","[1356404]"
"OPTMix-0593-P1-129-20231205","[]"
"OPTMix-0593-P1-134-20231205","[]"
"OPTMix-0593-P1-86-20231205","[]"
"OPTMix-0593-P2-180-20231205","[]"
"OPTMix-0593-P2-84-20231205","[]"
"OPTMix-0593-P2-92-20231205","[]"
"OPTMix-0593-P3-130-20231205","[]"
"OPTMix-0593-P3-146-20231205","[]"
"OPTMix-0593-P3-87-20231205","[]"
"OPTMix-0598-P1-118-20231205","[1356404]"
"OPTMix-0598-P1-132-20231205","[1356404]"
"OPTMix-0598-P1-133-20231205","[1356404]"
"OPTMix-0598-P1-149-20231205","[1356404]"
"OPTMix-0598-P1-197-20231205","[1356404]"
"OPTMix-0598-P1-198-20231205","[1356404]"
"OPTMix-0598-P2-102-20231205","[1356404]"
"OPTMix-0598-P2-139-20231207","[1356404]"
"OPTMix-0598-P2-86-20231207","[1356404]"
"OPTMix-0598-P2-99-20231205","[1356404]"
"OPTMix-0598-P4-104-20231207","[1356404]"
"OPTMix-0598-P4-108-20231207","[1356404]"
"OPTMix-0598-P4-128-20231207","[1356404]"
"OPTMix-083-P3-139-20231110","[1356404]"
"OPTMix-083-P3-186-20231110","[1356404]"
"OPTMix-083-P3-96-20231110","[1356404]"
"OPTMix-108-P1-000-20231006","[]"
"RNNB-1-1-20230512","[1722522]"
"RNNB-1-1-20240117","[1722522]"
"RNNB-1-10-20230512","[1722522, 1722441]"
"RNNB-1-10-20240117","[1722522, 1722441]"
"RNNB-1-2-20230512","[1722522]"
"RNNB-1-2-20240117","[1722522]"
"RNNB-1-3-20230512","[1722522]"
"RNNB-1-3-20240117","[1722522]"
"RNNB-1-4-20230512","[1722522]"
"RNNB-1-4-20240117","[1722522]"
"RNNB-1-5-20230512","[1722522]"
"RNNB-1-5-20240117","[1722522]"
"RNNB-1-6-20230512","[1722522, 1722433]"
"RNNB-1-6-20240117","[1722522, 1722433]"
"RNNB-1-7-20230512","[1722522, 1722433]"
"RNNB-1-7-20240117","[1722522, 1722433]"
"RNNB-1-8-20230512","[1722522]"
"RNNB-1-8-20240117","[1722522]"
"RNNB-1-9-20230512","[1722522, 1722433]"
"RNNB-1-9-20240117","[1722522, 1722433]"
"RNNB-2-1-20230512","[1722522]"
"RNNB-2-1-20240117","[1722522]"
"RNNB-2-10-20230512","[]"
"RNNB-2-10-20240117","[]"
"RNNB-2-2-20230512","[1722522, 1359344]"
"RNNB-2-2-20240117","[1722522, 1359344]"
"RNNB-2-3-20230512","[]"
"RNNB-2-3-20240117","[]"
"RNNB-2-4-20230512","[1722433]"
"RNNB-2-4-20240117","[1722433]"
"RNNB-2-5-20230512","[1359344]"
"RNNB-2-5-20240117","[1359344]"
"RNNB-2-6-20230512","[1359344]"
"RNNB-2-6-20240117","[1359344]"
"RNNB-2-7-20230512","[]"
"RNNB-2-7-20240117","[]"
"RNNB-2-8-20230512","[1359344]"
"RNNB-2-8-20240117","[1359344]"
"RNNB-2-9-20230512","[]"
"RNNB-2-9-20240117","[]"
"RNNB-3-1-20230512","[1359344]"
"RNNB-3-1-20240117","[1359344]"
"RNNB-3-10-20230512","[]"
"RNNB-3-10-20240117","[]"
"RNNB-3-11-20230512","[]"
"RNNB-3-12-20230512","[]"
"RNNB-3-2-20230512","[1359344, 1722441]"
"RNNB-3-2-20240117","[1359344, 1722441]"
"RNNB-3-3-20240117","[1359344]"
"RNNB-3-4-20230512","[1359344]"
"RNNB-3-4-20240117","[1359344]"
"RNNB-3-5-20230512","[]"
"RNNB-3-5-20240117","[]"
"RNNB-3-6-20230512","[]"
"RNNB-3-6-20240117","[]"
"RNNB-3-7-20230512","[1359344]"
"RNNB-3-7-20240117","[1359344]"
"RNNB-3-8-20230512","[1359344]"
"RNNB-3-8-20240117","[1359344]"
"RNNB-3-9-20230512","[]"
"RNNB-3-9-20240117","[]"
"RNNB-4-1-20240117","[]"
"RNNB-4-1-20240118","[]"
"RNNB-4-10-20240117","[1722441, 1359344]"
"RNNB-4-10-20240118","[1722441, 1359344]"
"RNNB-4-2-20240117","[1359344]"
"RNNB-4-2-20240118","[1359344]"
"RNNB-4-3-20240117","[1722441]"
"RNNB-4-3-20240118","[1722441]"
"RNNB-4-4-20240117","[1359344]"
"RNNB-4-4-20240118","[1359344]"
"RNNB-4-5-20240117","[1359344, 1722441]"
"RNNB-4-5-20240118","[1359344, 1722441]"
"RNNB-4-6-20240117","[1359344, 1722441]"
"RNNB-4-6-20240118","[1359344, 1722441]"
"RNNB-4-7-20240117","[1722441, 1359344]"
"RNNB-4-7-20240118","[1722441, 1359344]"
"RNNB-4-8-20240117","[1359344]"
"RNNB-4-8-20240118","[1359344]"
"RNNB-4-9-20240117","[1359344, 1722441]"
"RNNB-4-9-20240118","[1359344, 1722441]"
"RNNB-5-1-20240117","[1722441]"
"RNNB-5-1-20240118","[1722441]"
"RNNB-5-10-20240117","[1722441]"
"RNNB-5-10-20240118","[1722441]"
"RNNB-5-2-20240117","[1722441]"
"RNNB-5-2-20240118","[1722441]"
"RNNB-5-3-20240117","[]"
"RNNB-5-3-20240118","[]"
"RNNB-5-4-20240117","[]"
"RNNB-5-4-20240118","[]"
"RNNB-5-5-20240117","[]"
"RNNB-5-5-20240118","[]"
"RNNB-5-6-20240117","[1722441]"
"RNNB-5-6-20240118","[1722441]"
"RNNB-5-7-20240117","[]"
"RNNB-5-7-20240118","[]"
"RNNB-5-8-20240117","[1722441]"
"RNNB-5-8-20240118","[1722441]"
"RNNB-5-9-20240117","[1722441]"
"RNNB-5-9-20240118","[1722441]"
"RNNB-6-1-20240117","[]"
"RNNB-6-1-20240118","[]"
"RNNB-6-10-20240117","[]"
"RNNB-6-10-20240118","[]"
"RNNB-6-2-20240117","[]"
"RNNB-6-2-20240118","[]"
"RNNB-6-3-20240117","[]"
"RNNB-6-3-20240118","[]"
"RNNB-6-4-20240117","[1722441]"
"RNNB-6-4-20240118","[1722441]"
"RNNB-6-5-20240117","[1722441]"
"RNNB-6-5-20240118","[1722441]"
"RNNB-6-6-20240117","[]"
"RNNB-6-6-20240118","[]"
"RNNB-6-7-20240117","[]"
"RNNB-6-7-20240118","[]"
"RNNB-6-8-20240117","[]"
"RNNB-6-8-20240118","[]"
"RNNB-6-9-20240117","[]"
"RNNB-6-9-20240118","[]"
"RNNB-7-1-20240118","[]"
"RNNB-7-10-20240118","[]"
"RNNB-7-2-20240118","[]"
"RNNB-7-3-20240118","[]"
"RNNB-7-4-20240118","[]"
"RNNB-7-5-20240118","[]"
"RNNB-7-6-20240118","[]"
"RNNB-7-7-20240118","[1722441]"
"RNNB-7-8-20240118","[]"
"RNNB-7-9-20240118","[]"
"RNNB-8-1-20240118","[1359344]"
"RNNB-8-10-20240118","[1722441]"
"RNNB-8-2-20240118","[1722441]"
"RNNB-8-3-20240118","[1722441]"
"RNNB-8-4-20240118","[1722441]"
"RNNB-8-5-20240118","[1359344]"
"RNNB-8-6-20240118","[1359344, 1359297]"
"RNNB-8-7-20240118","[1359344]"
"RNNB-8-8-20240118","[1359344]"
"RNNB-8-9-20240118","[1722441, 1359344, 1359297]"
